,Rank,Team,Home_P,Home_W,Home_D,Home_L,Away_P,Away_W,Away_D,Away_L,P,W,D,L,F,A,+/-,Pts,Season
0,1,Chelsea,19,15,4,0,19,11,5,3,38,26,9,3,73,32,41,87,English_Premier_League_1415
1,2,Manchester City,19,14,3,2,19,10,4,5,38,24,7,7,83,38,45,79,English_Premier_League_1415
2,3,Arsenal,19,12,5,2,19,10,4,5,38,22,9,7,71,36,35,75,English_Premier_League_1415
3,4,Manchester United,19,14,2,3,19,6,8,5,38,20,10,8,62,37,25,70,English_Premier_League_1415
4,5,Tottenham Hotspur,19,10,3,6,19,9,4,6,38,19,7,12,58,53,5,64,English_Premier_League_1415
5,6,Liverpool,19,10,5,4,19,8,3,8,38,18,8,12,52,48,4,62,English_Premier_League_1415
6,7,Southampton,19,11,4,4,19,7,2,10,38,18,6,14,54,33,21,60,English_Premier_League_1415
7,8,Swansea City,19,9,5,5,19,7,3,9,38,16,8,14,46,49,-3,56,English_Premier_League_1415
8,9,Stoke City,19,10,3,6,19,5,6,8,38,15,9,14,48,45,3,54,English_Premier_League_1415
9,10,Crystal Palace,19,6,3,10,19,7,6,6,38,13,9,16,47,51,-4,48,English_Premier_League_1415
10,11,Everton,19,7,7,5,19,5,4,10,38,12,11,15,48,50,-2,47,English_Premier_League_1415
11,12,West Ham United,19,9,4,6,19,3,7,9,38,12,11,15,44,47,-3,47,English_Premier_League_1415
12,13,West Bromwich Albion,19,7,4,8,19,4,7,8,38,11,11,16,38,51,-13,44,English_Premier_League_1415
13,14,Leicester City,19,7,5,7,19,4,3,12,38,11,8,19,46,55,-9,41,English_Premier_League_1415
14,15,Newcastle United,19,7,5,7,19,3,4,12,38,10,9,19,40,63,-23,39,English_Premier_League_1415
15,16,Sunderland,19,4,8,7,19,3,9,7,38,7,17,14,31,53,-22,38,English_Premier_League_1415
16,17,Aston Villa,19,5,6,8,19,5,2,12,38,10,8,20,31,57,-26,38,English_Premier_League_1415
17,18,Hull City,19,5,5,9,19,3,6,10,38,8,11,19,33,51,-18,35,English_Premier_League_1415
18,19,Burnley,19,4,7,8,19,3,5,11,38,7,12,19,28,53,-25,33,English_Premier_League_1415
19,20,Queens Park Rangers,19,6,5,8,19,2,1,16,38,8,6,24,42,73,-31,30,English_Premier_League_1415
0,1,Leicester City,19,12,6,1,19,11,6,2,38,23,12,3,68,36,32,81,English_Premier_League_1516
1,2,Arsenal,19,12,4,3,19,8,7,4,38,20,11,7,65,36,29,71,English_Premier_League_1516
2,3,Tottenham Hotspur,19,10,6,3,19,9,7,3,38,19,13,6,69,35,34,70,English_Premier_League_1516
3,4,Manchester City,19,12,2,5,19,7,7,5,38,19,9,10,71,41,30,66,English_Premier_League_1516
4,5,Manchester United,19,12,5,2,19,7,4,8,38,19,9,10,49,35,14,66,English_Premier_League_1516
5,6,Southampton,19,11,3,5,19,7,6,6,38,18,9,11,59,41,18,63,English_Premier_League_1516
6,7,West Ham United,19,9,7,3,19,7,7,5,38,16,14,8,65,51,14,62,English_Premier_League_1516
7,8,Liverpool,19,8,8,3,19,8,4,7,38,16,12,10,63,50,13,60,English_Premier_League_1516
8,9,Stoke City,19,8,4,7,19,6,5,8,38,14,9,15,41,55,-14,51,English_Premier_League_1516
9,10,Chelsea,19,5,9,5,19,7,5,7,38,12,14,12,59,53,6,50,English_Premier_League_1516
10,11,Everton,19,6,5,8,19,5,9,5,38,11,14,13,59,55,4,47,English_Premier_League_1516
11,12,Swansea City,19,8,6,5,19,4,5,10,38,12,11,15,42,52,-10,47,English_Premier_League_1516
12,13,Watford,19,6,6,7,19,6,3,10,38,12,9,17,40,50,-10,45,English_Premier_League_1516
13,14,West Bromwich Albion,19,6,5,8,19,4,8,7,38,10,13,15,34,48,-14,43,English_Premier_League_1516
14,15,Crystal Palace,19,6,3,10,19,5,6,8,38,11,9,18,39,51,-12,42,English_Premier_League_1516
15,16,AFC Bournemouth,19,5,5,9,19,6,4,9,38,11,9,18,45,67,-22,42,English_Premier_League_1516
16,17,Sunderland,19,6,6,7,19,3,6,10,38,9,12,17,48,62,-14,39,English_Premier_League_1516
17,18,Newcastle United,19,7,7,5,19,2,3,14,38,9,10,19,44,65,-21,37,English_Premier_League_1516
18,19,Norwich City,19,6,5,8,19,3,2,14,38,9,7,22,39,67,-28,34,English_Premier_League_1516
19,20,Aston Villa,19,2,5,12,19,1,3,15,38,3,8,27,27,76,-49,17,English_Premier_League_1516
0,1,Chelsea,19,17,0,2,19,13,3,3,38,30,3,5,85,33,52,93,English_Premier_League_1617
1,2,Tottenham Hotspur,19,17,2,0,19,9,6,4,38,26,8,4,86,26,60,86,English_Premier_League_1617
2,3,Manchester City,19,11,7,1,19,12,2,5,38,23,9,6,80,39,41,78,English_Premier_League_1617
3,4,Liverpool,19,12,5,2,19,10,5,4,38,22,10,6,78,42,36,76,English_Premier_League_1617
4,5,Arsenal,19,14,3,2,19,9,3,7,38,23,6,9,77,44,33,75,English_Premier_League_1617
5,6,Manchester United,19,8,10,1,19,10,5,4,38,18,15,5,54,29,25,69,English_Premier_League_1617
6,7,Everton,19,13,4,2,19,4,6,9,38,17,10,11,62,44,18,61,English_Premier_League_1617
7,8,Southampton,19,6,6,7,19,6,4,9,38,12,10,16,41,48,-7,46,English_Premier_League_1617
8,9,AFC Bournemouth,19,9,4,6,19,3,6,10,38,12,10,16,55,67,-12,46,English_Premier_League_1617
9,10,West Bromwich Albion,19,9,2,8,19,3,7,9,38,12,9,17,43,51,-8,45,English_Premier_League_1617
10,11,West Ham United,19,7,4,8,19,5,5,9,38,12,9,17,47,64,-17,45,English_Premier_League_1617
11,12,Leicester City,19,10,4,5,19,2,4,13,38,12,8,18,48,63,-15,44,English_Premier_League_1617
12,13,Stoke City,19,7,6,6,19,4,5,10,38,11,11,16,41,56,-15,44,English_Premier_League_1617
13,14,Crystal Palace,19,6,2,11,19,6,3,10,38,12,5,21,50,63,-13,41,English_Premier_League_1617
14,15,Swansea City,19,8,3,8,19,4,2,13,38,12,5,21,45,70,-25,41,English_Premier_League_1617
15,16,Burnley,19,10,3,6,19,1,4,14,38,11,7,20,39,55,-16,40,English_Premier_League_1617
16,17,Watford,19,8,4,7,19,3,3,13,38,11,7,20,40,68,-28,40,English_Premier_League_1617
17,18,Hull City,19,8,4,7,19,1,3,15,38,9,7,22,37,80,-43,34,English_Premier_League_1617
18,19,Middlesbrough,19,4,6,9,19,1,7,11,38,5,13,20,27,53,-26,28,English_Premier_League_1617
19,20,Sunderland,19,3,5,11,19,3,1,15,38,6,6,26,29,69,-40,24,English_Premier_League_1617
0,1,Manchester City,19,16,2,1,19,16,2,1,38,32,4,2,106,27,79,100,English_Premier_League_1718
1,2,Manchester United,19,15,2,2,19,10,4,5,38,25,6,7,68,28,40,81,English_Premier_League_1718
2,3,Tottenham Hotspur,19,13,4,2,19,10,4,5,38,23,8,7,74,36,38,77,English_Premier_League_1718
3,4,Liverpool,19,12,7,0,19,9,5,5,38,21,12,5,84,38,46,75,English_Premier_League_1718
4,5,Chelsea,19,11,4,4,19,10,3,6,38,21,7,10,62,38,24,70,English_Premier_League_1718
5,6,Arsenal,19,15,2,2,19,4,4,11,38,19,6,13,74,51,23,63,English_Premier_League_1718
6,7,Burnley,19,7,5,7,19,7,7,5,38,14,12,12,36,39,-3,54,English_Premier_League_1718
7,8,Everton,19,10,4,5,19,3,6,10,38,13,10,15,44,58,-14,49,English_Premier_League_1718
8,9,Leicester City,19,7,6,6,19,5,5,9,38,12,11,15,56,60,-4,47,English_Premier_League_1718
9,10,Newcastle United,19,8,4,7,19,4,4,11,38,12,8,18,39,47,-8,44,English_Premier_League_1718
10,11,Crystal Palace,19,7,5,7,19,4,6,9,38,11,11,16,45,55,-10,44,English_Premier_League_1718
11,12,AFC Bournemouth,19,7,5,7,19,4,6,9,38,11,11,16,45,61,-16,44,English_Premier_League_1718
12,13,West Ham United,19,7,6,6,19,3,6,10,38,10,12,16,48,68,-20,42,English_Premier_League_1718
13,14,Watford,19,7,6,6,19,4,2,13,38,11,8,19,44,64,-20,41,English_Premier_League_1718
14,15,Brighton & Hove Albion,19,7,8,4,19,2,5,12,38,9,13,16,34,54,-20,40,English_Premier_League_1718
15,16,Huddersfield Town,19,6,5,8,19,3,5,11,38,9,10,19,28,58,-30,37,English_Premier_League_1718
16,17,Southampton,19,4,7,8,19,3,8,8,38,7,15,16,37,56,-19,36,English_Premier_League_1718
17,18,Swansea City,19,6,3,10,19,2,6,11,38,8,9,21,28,56,-28,33,English_Premier_League_1718
18,19,Stoke City,19,5,5,9,19,2,7,10,38,7,12,19,35,68,-33,33,English_Premier_League_1718
19,20,West Bromwich Albion,19,3,9,7,19,3,4,12,38,6,13,19,31,56,-25,31,English_Premier_League_1718
0,1,Manchester City,19,18,0,1,19,14,2,3,38,32,2,4,95,23,72,98,English_Premier_League_1819
1,2,Liverpool,19,17,2,0,19,13,5,1,38,30,7,1,89,22,67,97,English_Premier_League_1819
2,3,Chelsea,19,12,6,1,19,9,3,7,38,21,9,8,63,39,24,72,English_Premier_League_1819
3,4,Tottenham Hotspur,19,12,2,5,19,11,0,8,38,23,2,13,67,39,28,71,English_Premier_League_1819
4,5,Arsenal,19,14,3,2,19,7,4,8,38,21,7,10,73,51,22,70,English_Premier_League_1819
5,6,Manchester United,19,10,6,3,19,9,3,7,38,19,9,10,65,54,11,66,English_Premier_League_1819
6,7,Wolverhampton Wanderers,19,10,4,5,19,6,5,8,38,16,9,13,47,46,1,57,English_Premier_League_1819
7,8,Everton,19,10,4,5,19,5,5,9,38,15,9,14,54,46,8,54,English_Premier_League_1819
8,9,Leicester City,19,8,3,8,19,7,4,8,38,15,7,16,51,48,3,52,English_Premier_League_1819
9,10,West Ham United,19,9,4,6,19,6,3,10,38,15,7,16,52,55,-3,52,English_Premier_League_1819
10,11,Watford,19,8,3,8,19,6,5,8,38,14,8,16,52,59,-7,50,English_Premier_League_1819
11,12,Crystal Palace,19,5,5,9,19,9,2,8,38,14,7,17,51,53,-2,49,English_Premier_League_1819
12,13,Newcastle United,19,8,1,10,19,4,8,7,38,12,9,17,42,48,-6,45,English_Premier_League_1819
13,14,AFC Bournemouth,19,8,5,6,19,5,1,13,38,13,6,19,56,70,-14,45,English_Premier_League_1819
14,15,Burnley,19,7,2,10,19,4,5,10,38,11,7,20,45,68,-23,40,English_Premier_League_1819
15,16,Southampton,19,5,8,6,19,4,4,11,38,9,12,17,45,65,-20,39,English_Premier_League_1819
16,17,Brighton & Hove Albion,19,6,5,8,19,3,4,12,38,9,9,20,35,60,-25,36,English_Premier_League_1819
17,18,Cardiff City,19,6,2,11,19,4,2,13,38,10,4,24,34,69,-35,34,English_Premier_League_1819
18,19,Fulham,19,6,3,10,19,1,2,16,38,7,5,26,34,81,-47,26,English_Premier_League_1819
19,20,Huddersfield Town,19,2,3,14,19,1,4,14,38,3,7,28,22,76,-54,16,English_Premier_League_1819
0,1,Liverpool,19,18,1,0,19,14,2,3,38,32,3,3,85,33,52,99,English_Premier_League_1920
1,2,Manchester City,19,15,2,2,19,11,1,7,38,26,3,9,102,35,67,81,English_Premier_League_1920
2,3,Manchester United,19,10,7,2,19,8,5,6,38,18,12,8,66,36,30,66,English_Premier_League_1920
3,4,Chelsea,19,11,3,5,19,9,3,7,38,20,6,12,69,54,15,66,English_Premier_League_1920
4,5,Leicester City,19,11,4,4,19,7,4,8,38,18,8,12,67,41,26,62,English_Premier_League_1920
5,6,Tottenham Hotspur,19,12,3,4,19,4,8,7,38,16,11,11,61,47,14,59,English_Premier_League_1920
6,7,Wolverhampton Wanderers,19,8,7,4,19,7,7,5,38,15,14,9,51,40,11,59,English_Premier_League_1920
7,8,Arsenal,19,10,6,3,19,4,8,7,38,14,14,10,56,48,8,56,English_Premier_League_1920
8,9,Sheffield United,19,10,3,6,19,4,9,6,38,14,12,12,39,39,0,54,English_Premier_League_1920
9,10,Burnley,19,8,4,7,19,7,5,7,38,15,9,14,43,50,-7,54,English_Premier_League_1920
10,11,Southampton,19,6,3,10,19,9,4,6,38,15,7,16,51,60,-9,52,English_Premier_League_1920
11,12,Everton,19,8,7,4,19,5,3,11,38,13,10,15,44,56,-12,49,English_Premier_League_1920
12,13,Newcastle United,19,6,8,5,19,5,3,11,38,11,11,16,38,58,-20,44,English_Premier_League_1920
13,14,Crystal Palace,19,6,5,8,19,5,5,9,38,11,10,17,31,50,-19,43,English_Premier_League_1920
14,15,Brighton & Hove Albion,19,5,7,7,19,4,7,8,38,9,14,15,39,54,-15,41,English_Premier_League_1920
15,16,West Ham United,19,6,4,9,19,4,5,10,38,10,9,19,49,62,-13,39,English_Premier_League_1920
16,17,Aston Villa,19,7,3,9,19,2,5,12,38,9,8,21,41,67,-26,35,English_Premier_League_1920
17,18,AFC Bournemouth,19,5,6,8,19,4,1,14,38,9,7,22,40,65,-25,34,English_Premier_League_1920
18,19,Watford,19,6,6,7,19,2,4,13,38,8,10,20,36,64,-28,34,English_Premier_League_1920
19,20,Norwich City,19,4,3,12,19,1,3,15,38,5,6,27,26,75,-49,21,English_Premier_League_1920
0,1,Manchester City,19,13,2,4,19,14,3,2,38,27,5,6,83,32,51,86,English_Premier_League_2021
1,2,Manchester United,19,9,4,6,19,12,7,0,38,21,11,6,73,44,29,74,English_Premier_League_2021
2,3,Liverpool,19,10,3,6,19,10,6,3,38,20,9,9,68,42,26,69,English_Premier_League_2021
3,4,Chelsea,19,9,6,4,19,10,4,5,38,19,10,9,58,36,22,67,English_Premier_League_2021
4,5,Leicester City,19,9,1,9,19,11,5,3,38,20,6,12,68,50,18,66,English_Premier_League_2021
5,6,West Ham United,19,10,4,5,19,9,4,6,38,19,8,11,62,47,15,65,English_Premier_League_2021
6,7,Tottenham Hotspur,19,10,3,6,19,8,5,6,38,18,8,12,68,45,23,62,English_Premier_League_2021
7,8,Arsenal,19,8,4,7,19,10,3,6,38,18,7,13,55,39,16,61,English_Premier_League_2021
8,9,Leeds United,19,8,5,6,19,10,0,9,38,18,5,15,62,54,8,59,English_Premier_League_2021
9,10,Everton,19,6,4,9,19,11,4,4,38,17,8,13,47,48,-1,59,English_Premier_League_2021
10,11,Aston Villa,19,7,4,8,19,9,3,7,38,16,7,15,55,46,9,55,English_Premier_League_2021
11,12,Newcastle United,19,6,5,8,19,6,4,9,38,12,9,17,46,62,-16,45,English_Premier_League_2021
12,13,Wolverhampton Wanderers,19,7,4,8,19,5,5,9,38,12,9,17,36,52,-16,45,English_Premier_League_2021
13,14,Crystal Palace,19,6,5,8,19,6,3,10,38,12,8,18,41,66,-25,44,English_Premier_League_2021
14,15,Southampton,19,8,3,8,19,4,4,11,38,12,7,19,47,68,-21,43,English_Premier_League_2021
15,16,Brighton & Hove Albion,19,4,9,6,19,5,5,9,38,9,14,15,40,46,-6,41,English_Premier_League_2021
16,17,Burnley,19,4,6,9,19,6,3,10,38,10,9,19,33,55,-22,39,English_Premier_League_2021
17,18,Fulham,19,2,4,13,19,3,9,7,38,5,13,20,27,53,-26,28,English_Premier_League_2021
18,19,West Bromwich Albion,19,3,6,10,19,2,5,12,38,5,11,22,35,76,-41,26,English_Premier_League_2021
19,20,Sheffield United,19,5,1,13,19,2,1,16,38,7,2,29,20,63,-43,23,English_Premier_League_2021
0,1,Manchester City,19,15,2,2,19,14,4,1,38,29,6,3,99,26,73,93,English_Premier_League_2122
1,2,Liverpool,19,15,4,0,19,13,4,2,38,28,8,2,94,26,68,92,English_Premier_League_2122
2,3,Chelsea,19,9,7,3,19,12,4,3,38,21,11,6,76,33,43,74,English_Premier_League_2122
3,4,Tottenham Hotspur,19,13,1,5,19,9,4,6,38,22,5,11,69,40,29,71,English_Premier_League_2122
4,5,Arsenal,19,13,2,4,19,9,1,9,38,22,3,13,61,48,13,69,English_Premier_League_2122
5,6,Manchester United,19,10,5,4,19,6,5,8,38,16,10,12,57,57,0,58,English_Premier_League_2122
6,7,West Ham United,19,9,5,5,19,7,3,9,38,16,8,14,60,51,9,56,English_Premier_League_2122
7,8,Leicester City,19,10,4,5,19,4,6,9,38,14,10,14,62,59,3,52,English_Premier_League_2122
8,9,Brighton & Hove Albion,19,5,7,7,19,7,8,4,38,12,15,11,42,44,-2,51,English_Premier_League_2122
9,10,Wolverhampton Wanderers,19,7,3,9,19,8,3,8,38,15,6,17,38,43,-5,51,English_Premier_League_2122
10,11,Newcastle United,19,8,6,5,19,5,4,10,38,13,10,15,44,62,-18,49,English_Premier_League_2122
11,12,Crystal Palace,19,7,8,4,19,4,7,8,38,11,15,12,50,46,4,48,English_Premier_League_2122
12,13,Brentford,19,7,3,9,19,6,4,9,38,13,7,18,48,56,-8,46,English_Premier_League_2122
13,14,Aston Villa,19,6,5,8,19,7,1,11,38,13,6,19,52,54,-2,45,English_Premier_League_2122
14,15,Southampton,19,6,7,6,19,3,6,10,38,9,13,16,43,67,-24,40,English_Premier_League_2122
15,16,Everton,19,9,2,8,19,2,4,13,38,11,6,21,43,66,-23,39,English_Premier_League_2122
16,17,Leeds United,19,4,6,9,19,5,5,9,38,9,11,18,42,79,-37,38,English_Premier_League_2122
17,18,Burnley,19,5,6,8,19,2,8,9,38,7,14,17,34,53,-19,35,English_Premier_League_2122
18,19,Watford,19,2,2,15,19,4,3,12,38,6,5,27,34,77,-43,23,English_Premier_League_2122
19,20,Norwich City,19,3,3,13,19,2,4,13,38,5,7,26,23,84,-61,22,English_Premier_League_2122
0,1,Burnley,13,9,4,0,13,7,4,2,26,16,8,2,52,25,27,56,English_Championship_1415
1,2,Sheffield United,12,7,3,2,14,8,3,3,26,15,6,5,44,23,21,51,English_Championship_1415
2,3,Blackburn Rovers,13,9,0,4,13,5,0,8,26,14,0,12,30,30,0,42,English_Championship_1415
3,4,Watford,12,6,2,4,14,5,5,4,26,11,7,8,31,28,3,40,English_Championship_1415
4,5,Middlesbrough,12,5,5,2,14,6,1,7,26,11,6,9,41,33,8,39,English_Championship_1415
5,6,Millwall,13,8,3,2,12,3,3,6,25,11,6,8,32,26,6,39,English_Championship_1415
6,7,Luton Town,12,3,7,2,13,7,2,4,25,10,9,6,31,26,5,39,English_Championship_1415
7,8,Sunderland,12,4,4,4,14,6,4,4,26,10,8,8,38,29,9,38,English_Championship_1415
8,9,West Bromwich Albion,14,6,4,4,12,4,4,4,26,10,8,8,34,26,8,38,English_Championship_1415
9,10,Preston North End,13,3,4,6,13,7,3,3,26,10,7,9,24,26,-2,37,English_Championship_1415
10,11,Norwich City,14,5,4,5,12,5,2,5,26,10,6,10,32,29,3,36,English_Championship_1415
11,12,Queens Park Rangers,13,5,3,5,13,5,3,5,26,10,6,10,28,31,-3,36,English_Championship_1415
12,13,Reading,12,8,1,3,14,3,2,9,26,11,3,12,29,36,-7,36,English_Championship_1415
13,14,Coventry City,13,6,4,3,12,3,4,5,25,9,8,8,27,26,1,35,English_Championship_1415
14,15,Swansea City,13,6,2,5,13,3,6,4,26,9,8,9,36,36,0,35,English_Championship_1415
15,16,Hull City,13,4,2,7,13,5,4,4,26,9,6,11,32,42,-10,33,English_Championship_1415
16,17,Birmingham City,14,4,5,5,12,4,3,5,26,8,8,10,27,29,-2,32,English_Championship_1415
17,18,Stoke City,13,3,3,7,13,5,3,5,26,8,6,12,28,34,-6,30,English_Championship_1415
18,19,Bristol City,13,4,3,6,13,3,5,5,26,7,8,11,32,35,-3,29,English_Championship_1415
19,20,Cardiff City,13,4,4,5,13,3,3,7,26,7,7,12,20,29,-9,28,English_Championship_1415
20,21,Rotherham United,12,4,4,4,14,2,5,7,26,6,9,11,28,39,-11,27,English_Championship_1415
21,22,Blackpool,13,3,3,7,13,3,5,5,26,6,8,12,28,38,-10,26,English_Championship_1415
22,23,Huddersfield Town,14,5,2,7,11,2,2,7,25,7,4,14,24,32,-8,25,English_Championship_1415
23,24,Wigan Athletic,14,2,3,9,12,4,3,5,26,6,6,14,26,46,-20,24,English_Championship_1415
0,1,Burnley,23,15,6,2,23,11,9,3,46,26,15,5,72,35,37,93,English_Championship_1516
1,2,Middlesbrough,23,16,5,2,23,10,6,7,46,26,11,9,63,31,32,89,English_Championship_1516
2,3,Brighton & Hove Albion,23,15,5,3,23,9,12,2,46,24,17,5,72,42,30,89,English_Championship_1516
3,4,Hull City,23,15,7,1,23,9,4,10,46,24,11,11,69,35,34,83,English_Championship_1516
4,5,Derby County,23,12,7,4,23,9,8,6,46,21,15,10,66,43,23,78,English_Championship_1516
5,6,Sheffield Wednesday,23,13,8,2,23,6,9,8,46,19,17,10,66,45,21,74,English_Championship_1516
6,7,Ipswich Town,23,9,8,6,23,9,7,7,46,18,15,13,53,51,2,69,English_Championship_1516
7,8,Cardiff City,23,12,9,2,23,5,8,10,46,17,17,12,56,51,5,68,English_Championship_1516
8,9,Brentford,23,10,4,9,23,9,4,10,46,19,8,19,72,67,5,65,English_Championship_1516
9,10,Birmingham City,23,9,5,9,23,7,10,6,46,16,15,15,53,49,4,63,English_Championship_1516
10,11,Preston North End,23,7,10,6,23,8,7,8,46,15,17,14,45,45,0,62,English_Championship_1516
11,12,Queens Park Rangers,23,10,9,4,23,4,9,10,46,14,18,14,54,54,0,60,English_Championship_1516
12,13,Leeds United,23,7,8,8,23,7,9,7,46,14,17,15,50,58,-8,59,English_Championship_1516
13,14,Wolverhampton Wanderers,23,7,10,6,23,7,6,10,46,14,16,16,53,58,-5,58,English_Championship_1516
14,15,Blackburn Rovers,23,8,8,7,23,5,8,10,46,13,16,17,46,46,0,55,English_Championship_1516
15,16,Nottingham Forest,23,7,8,8,23,6,8,9,46,13,16,17,43,47,-4,55,English_Championship_1516
16,17,Reading,23,8,9,6,23,5,4,14,46,13,13,20,52,59,-7,52,English_Championship_1516
17,18,Bristol City,23,7,7,9,23,6,6,11,46,13,13,20,54,71,-17,52,English_Championship_1516
18,19,Huddersfield Town,23,7,6,10,23,6,6,11,46,13,12,21,59,70,-11,51,English_Championship_1516
19,20,Fulham,23,8,5,10,23,4,10,9,46,12,15,19,66,79,-13,51,English_Championship_1516
20,21,Rotherham United,23,8,6,9,23,5,4,14,46,13,10,23,53,71,-18,49,English_Championship_1516
21,22,Charlton Athletic,23,5,8,10,23,4,5,14,46,9,13,24,40,80,-40,40,English_Championship_1516
22,23,Milton Keynes Dons,23,7,3,13,23,2,9,12,46,9,12,25,39,69,-30,39,English_Championship_1516
23,24,Bolton Wanderers,23,5,11,7,23,0,4,19,46,5,15,26,41,81,-40,30,English_Championship_1516
0,1,Newcastle United,23,15,3,5,23,14,4,5,46,29,7,10,85,40,45,94,English_Championship_1617
1,2,Brighton & Hove Albion,23,17,3,3,23,11,6,6,46,28,9,9,74,40,34,93,English_Championship_1617
2,3,Reading,23,16,5,2,23,10,2,11,46,26,7,13,68,64,4,85,English_Championship_1617
3,4,Sheffield Wednesday,23,15,2,6,23,9,7,7,46,24,9,13,60,45,15,81,English_Championship_1617
4,5,Huddersfield Town,23,15,2,6,23,10,4,9,46,25,6,15,56,58,-2,81,English_Championship_1617
5,6,Fulham,23,10,8,5,23,12,6,5,46,22,14,10,85,57,28,80,English_Championship_1617
6,7,Leeds United,23,14,4,5,23,8,5,10,46,22,9,15,61,47,14,75,English_Championship_1617
7,8,Norwich City,23,15,4,4,23,5,6,12,46,20,10,16,85,69,16,70,English_Championship_1617
8,9,Derby County,23,11,8,4,23,7,5,11,46,18,13,15,54,50,4,67,English_Championship_1617
9,10,Brentford,23,11,5,7,23,7,5,11,46,18,10,18,75,65,10,64,English_Championship_1617
10,11,Preston North End,23,11,6,6,23,5,8,10,46,16,14,16,64,63,1,62,English_Championship_1617
11,12,Cardiff City,23,11,4,8,23,6,7,10,46,17,11,18,60,61,-1,62,English_Championship_1617
12,13,Aston Villa,23,12,8,3,23,4,6,13,46,16,14,16,47,48,-1,62,English_Championship_1617
13,14,Barnsley,23,6,11,6,23,9,2,12,46,15,13,18,64,67,-3,58,English_Championship_1617
14,15,Wolverhampton Wanderers,23,8,4,11,23,8,6,9,46,16,10,20,54,58,-4,58,English_Championship_1617
15,16,Ipswich Town,23,8,10,5,23,5,6,12,46,13,16,17,48,58,-10,55,English_Championship_1617
16,17,Bristol City,23,11,4,8,23,4,5,14,46,15,9,22,60,66,-6,54,English_Championship_1617
17,18,Queens Park Rangers,23,9,4,10,23,6,4,13,46,15,8,23,52,66,-14,53,English_Championship_1617
18,19,Birmingham City,23,8,5,10,23,5,9,9,46,13,14,19,45,64,-19,53,English_Championship_1617
19,20,Burton Albion,23,9,4,10,23,4,9,10,46,13,13,20,49,63,-14,52,English_Championship_1617
20,21,Nottingham Forest,23,12,4,7,23,2,5,16,46,14,9,23,62,72,-10,51,English_Championship_1617
21,22,Blackburn Rovers,23,8,8,7,23,4,7,12,46,12,15,19,53,65,-12,51,English_Championship_1617
22,23,Wigan Athletic,23,5,8,10,23,5,4,14,46,10,12,24,40,57,-17,42,English_Championship_1617
23,24,Rotherham United,23,5,6,12,23,0,2,21,46,5,8,33,40,98,-58,23,English_Championship_1617
0,1,Wolverhampton Wanderers,23,16,5,2,23,14,4,5,46,30,9,7,82,39,43,99,English_Championship_1718
1,2,Cardiff City,23,16,4,3,23,11,5,7,46,27,9,10,69,39,30,90,English_Championship_1718
2,3,Fulham,23,13,8,2,23,12,5,6,46,25,13,8,79,46,33,88,English_Championship_1718
3,4,Aston Villa,23,14,7,2,23,10,4,9,46,24,11,11,72,42,30,83,English_Championship_1718
4,5,Middlesbrough,23,14,3,6,23,8,7,8,46,22,10,14,67,45,22,76,English_Championship_1718
5,6,Derby County,23,12,5,6,23,8,10,5,46,20,15,11,70,48,22,75,English_Championship_1718
6,7,Preston North End,23,9,8,6,23,10,8,5,46,19,16,11,57,46,11,73,English_Championship_1718
7,8,Millwall,23,12,7,4,23,7,8,8,46,19,15,12,56,45,11,72,English_Championship_1718
8,9,Brentford,23,9,11,3,23,9,4,10,46,18,15,13,62,52,10,69,English_Championship_1718
9,10,Sheffield United,23,12,5,6,23,8,4,11,46,20,9,17,62,55,7,69,English_Championship_1718
10,11,Bristol City,23,11,6,6,23,6,10,7,46,17,16,13,67,58,9,67,English_Championship_1718
11,12,Ipswich Town,23,9,6,8,23,8,3,12,46,17,9,20,57,60,-3,60,English_Championship_1718
12,13,Leeds United,23,10,6,7,23,7,3,13,46,17,9,20,59,64,-5,60,English_Championship_1718
13,14,Norwich City,23,8,8,7,23,7,7,9,46,15,15,16,49,60,-11,60,English_Championship_1718
14,15,Sheffield Wednesday,23,8,7,8,23,6,8,9,46,14,15,17,59,60,-1,57,English_Championship_1718
15,16,Queens Park Rangers,23,12,5,6,23,3,6,14,46,15,11,20,58,70,-12,56,English_Championship_1718
16,17,Nottingham Forest,23,10,3,10,23,5,5,13,46,15,8,23,51,65,-14,53,English_Championship_1718
17,18,Hull City,23,7,8,8,23,4,8,11,46,11,16,19,70,70,0,49,English_Championship_1718
18,19,Birmingham City,23,10,3,10,23,3,4,16,46,13,7,26,38,68,-30,46,English_Championship_1718
19,20,Reading,23,5,8,10,23,5,6,12,46,10,14,22,48,70,-22,44,English_Championship_1718
20,21,Bolton Wanderers,23,9,4,10,23,1,9,13,46,10,13,23,39,74,-35,43,English_Championship_1718
21,22,Barnsley,23,5,9,9,23,4,5,14,46,9,14,23,48,72,-24,41,English_Championship_1718
22,23,Burton Albion,23,4,5,14,23,6,6,11,46,10,11,25,38,81,-43,41,English_Championship_1718
23,24,Sunderland,23,3,7,13,23,4,9,10,46,7,16,23,52,80,-28,37,English_Championship_1718
0,1,Norwich City,23,15,4,4,23,12,9,2,46,27,13,6,93,57,36,94,English_Championship_1819
1,2,Sheffield United,23,15,4,4,23,11,7,5,46,26,11,9,78,41,37,89,English_Championship_1819
2,3,Leeds United,23,14,4,5,23,11,4,8,46,25,8,13,73,50,23,83,English_Championship_1819
3,4,West Bromwich Albion,23,12,7,4,23,11,4,8,46,23,11,12,87,62,25,80,English_Championship_1819
4,5,Aston Villa,23,11,8,4,23,9,8,6,46,20,16,10,82,61,21,76,English_Championship_1819
5,6,Derby County,23,13,7,3,23,7,7,9,46,20,14,12,69,54,15,74,English_Championship_1819
6,7,Middlesbrough,23,10,6,7,23,10,7,6,46,20,13,13,49,41,8,73,English_Championship_1819
7,8,Bristol City,23,8,8,7,23,11,5,7,46,19,13,14,59,53,6,70,English_Championship_1819
8,9,Nottingham Forest,23,13,4,6,23,4,11,8,46,17,15,14,61,54,7,66,English_Championship_1819
9,10,Swansea City,23,12,6,5,23,6,5,12,46,18,11,17,65,62,3,65,English_Championship_1819
10,11,Brentford,23,14,4,5,23,3,9,11,46,17,13,16,73,59,14,64,English_Championship_1819
11,12,Sheffield Wednesday,23,10,8,5,23,6,8,9,46,16,16,14,60,62,-2,64,English_Championship_1819
12,13,Hull City,23,11,6,6,23,6,5,12,46,17,11,18,66,68,-2,62,English_Championship_1819
13,14,Preston North End,23,8,10,5,23,8,3,12,46,16,13,17,67,67,0,61,English_Championship_1819
14,15,Blackburn Rovers,23,10,7,6,23,6,5,12,46,16,12,18,64,69,-5,60,English_Championship_1819
15,16,Stoke City,23,8,9,6,23,3,13,7,46,11,22,13,45,52,-7,55,English_Championship_1819
16,17,Birmingham City (-9),23,7,11,5,23,7,8,8,46,14,19,13,64,58,6,52,English_Championship_1819
17,18,Wigan Athletic,23,11,8,4,23,2,5,16,46,13,13,20,51,64,-13,52,English_Championship_1819
18,19,Queens Park Rangers,23,9,3,11,23,5,6,12,46,14,9,23,53,71,-18,51,English_Championship_1819
19,20,Reading,23,8,6,9,23,2,11,10,46,10,17,19,49,66,-17,47,English_Championship_1819
20,21,Millwall,23,7,9,7,23,3,5,15,46,10,14,22,48,64,-16,44,English_Championship_1819
21,22,Rotherham United,23,7,8,8,23,1,8,14,46,8,16,22,52,83,-31,40,English_Championship_1819
22,23,Bolton Wanderers,23,4,4,15,23,4,4,15,46,8,8,30,29,78,-49,32,English_Championship_1819
23,24,Ipswich Town,23,3,11,9,23,2,5,16,46,5,16,25,36,77,-41,31,English_Championship_1819
0,1,Leeds United,23,15,5,3,23,13,4,6,46,28,9,9,77,35,42,93,English_Championship_1920
1,2,West Bromwich Albion,23,10,10,3,23,12,7,4,46,22,17,7,77,45,32,83,English_Championship_1920
2,3,Brentford,23,14,5,4,23,10,4,9,46,24,9,13,80,38,42,81,English_Championship_1920
3,4,Fulham,23,15,2,6,23,8,10,5,46,23,12,11,64,48,16,81,English_Championship_1920
4,5,Cardiff City,23,11,9,3,23,8,7,8,46,19,16,11,68,58,10,73,English_Championship_1920
5,6,Swansea City,23,10,5,8,23,8,11,4,46,18,16,12,62,53,9,70,English_Championship_1920
6,7,Nottingham Forest,23,10,5,8,23,8,11,4,46,18,16,12,58,50,8,70,English_Championship_1920
7,8,Millwall,23,10,8,5,23,7,9,7,46,17,17,12,57,51,6,68,English_Championship_1920
8,9,Preston North End,23,12,4,7,23,6,8,9,46,18,12,16,59,54,5,66,English_Championship_1920
9,10,Derby County,23,11,8,4,23,6,5,12,46,17,13,16,62,64,-2,64,English_Championship_1920
10,11,Blackburn Rovers,23,10,9,4,23,7,3,13,46,17,12,17,66,63,3,63,English_Championship_1920
11,12,Bristol City,23,8,7,8,23,9,5,9,46,17,12,17,60,65,-5,63,English_Championship_1920
12,13,Queens Park Rangers,23,9,5,9,23,7,5,11,46,16,10,20,67,76,-9,58,English_Championship_1920
13,14,Reading,23,7,4,12,23,8,7,8,46,15,11,20,59,58,1,56,English_Championship_1920
14,15,Stoke City,23,11,3,9,23,5,5,13,46,16,8,22,62,68,-6,56,English_Championship_1920
15,16,Sheffield Wednesday,23,7,7,9,23,8,4,11,46,15,11,20,58,66,-8,56,English_Championship_1920
16,17,Middlesbrough,23,6,8,9,23,7,6,10,46,13,14,19,48,61,-13,53,English_Championship_1920
17,18,Huddersfield Town,23,8,6,9,23,5,6,12,46,13,12,21,52,70,-18,51,English_Championship_1920
18,19,Luton Town,23,8,7,8,23,6,2,15,46,14,9,23,54,82,-28,51,English_Championship_1920
19,20,Birmingham City,23,6,7,10,23,6,7,10,46,12,14,20,54,75,-21,50,English_Championship_1920
20,21,Barnsley,23,7,9,7,23,5,4,14,46,12,13,21,49,69,-20,49,English_Championship_1920
21,22,Charlton Athletic,23,8,6,9,23,4,6,13,46,12,12,22,50,65,-15,48,English_Championship_1920
22,23,Wigan Athletic (-12),23,10,7,6,23,5,7,11,46,15,14,17,57,56,1,47,English_Championship_1920
23,24,Hull City,23,7,3,13,23,5,6,12,46,12,9,25,57,87,-30,45,English_Championship_1920
0,1,Norwich City,23,14,6,3,23,15,4,4,46,29,10,7,75,36,39,97,English_Championship_2021
1,2,Watford,23,19,2,2,23,8,8,7,46,27,10,9,63,30,33,91,English_Championship_2021
2,3,Brentford,23,12,9,2,23,12,6,5,46,24,15,7,79,42,37,87,English_Championship_2021
3,4,Swansea City,23,12,6,5,23,11,5,7,46,23,11,12,56,39,17,80,English_Championship_2021
4,5,Barnsley,23,12,6,5,23,11,3,9,46,23,9,14,58,50,8,78,English_Championship_2021
5,6,AFC Bournemouth,23,13,3,7,23,9,8,6,46,22,11,13,73,46,27,77,English_Championship_2021
6,7,Reading,23,12,4,7,23,7,9,7,46,19,13,14,62,54,8,70,English_Championship_2021
7,8,Cardiff City,23,8,6,9,23,10,8,5,46,18,14,14,66,49,17,68,English_Championship_2021
8,9,Queens Park Rangers,23,11,4,8,23,8,7,8,46,19,11,16,57,55,2,68,English_Championship_2021
9,10,Middlesbrough,23,11,4,8,23,7,6,10,46,18,10,18,55,53,2,64,English_Championship_2021
10,11,Millwall,23,7,10,6,23,8,7,8,46,15,17,14,47,52,-5,62,English_Championship_2021
11,12,Luton Town,23,8,9,6,23,9,2,12,46,17,11,18,41,52,-11,62,English_Championship_2021
12,13,Preston North End,23,7,5,11,23,11,2,10,46,18,7,21,49,56,-7,61,English_Championship_2021
13,14,Stoke City,23,9,5,9,23,6,10,7,46,15,15,16,50,52,-2,60,English_Championship_2021
14,15,Blackburn Rovers,23,9,7,7,23,6,5,12,46,15,12,19,65,54,11,57,English_Championship_2021
15,16,Coventry City,23,10,7,6,23,4,6,13,46,14,13,19,49,61,-12,55,English_Championship_2021
16,17,Nottingham Forest,23,6,8,9,23,6,8,9,46,12,16,18,37,45,-8,52,English_Championship_2021
17,18,Birmingham City,23,6,4,13,23,7,9,7,46,13,13,20,37,61,-24,52,English_Championship_2021
18,19,Bristol City,23,7,3,13,23,8,3,12,46,15,6,25,46,68,-22,51,English_Championship_2021
19,20,Huddersfield Town,23,8,7,8,23,4,6,13,46,12,13,21,50,71,-21,49,English_Championship_2021
20,21,Sheffield Wednesday,23,8,8,7,23,4,3,16,46,12,11,23,40,61,-21,47,English_Championship_2021
21,22,Derby County,23,6,7,10,23,5,4,14,46,11,11,24,36,58,-22,44,English_Championship_2021
22,23,Wycombe Wanderers,23,7,5,11,23,4,5,14,46,11,10,25,39,69,-30,43,English_Championship_2021
23,24,Rotherham United,23,5,4,14,23,6,5,12,46,11,9,26,44,60,-16,42,English_Championship_2021
0,1,Fulham,23,14,4,5,23,13,5,5,46,27,9,10,106,43,63,90,English_Championship_2122
1,2,AFC Bournemouth,23,13,7,3,23,12,6,5,46,25,13,8,74,39,35,88,English_Championship_2122
2,3,Huddersfield Town,23,13,6,4,23,10,7,6,46,23,13,10,64,47,17,82,English_Championship_2122
3,4,Nottingham Forest,23,13,4,6,23,10,7,6,46,23,11,12,73,40,33,80,English_Championship_2122
4,5,Sheffield United,23,13,5,5,23,8,7,8,46,21,12,13,63,45,18,75,English_Championship_2122
5,6,Luton Town,23,12,7,4,23,9,5,9,46,21,12,13,63,55,8,75,English_Championship_2122
6,7,Middlesbrough,23,14,2,7,23,6,8,9,46,20,10,16,59,50,9,70,English_Championship_2122
7,8,Blackburn Rovers,23,12,5,6,23,7,7,9,46,19,12,15,59,50,9,69,English_Championship_2122
8,9,Millwall,23,13,6,4,23,5,9,9,46,18,15,13,53,45,8,69,English_Championship_2122
9,10,West Bromwich Albion,23,12,8,3,23,6,5,12,46,18,13,15,52,45,7,67,English_Championship_2122
10,11,Queens Park Rangers,23,10,6,7,23,9,3,11,46,19,9,18,60,59,1,66,English_Championship_2122
11,12,Coventry City,23,10,5,8,23,7,8,8,46,17,13,16,60,59,1,64,English_Championship_2122
12,13,Preston North End,23,9,10,4,23,7,6,10,46,16,16,14,52,56,-4,64,English_Championship_2122
13,14,Stoke City,23,10,5,8,23,7,6,10,46,17,11,18,57,52,5,62,English_Championship_2122
14,15,Swansea City,23,9,8,6,23,7,5,11,46,16,13,17,58,68,-10,61,English_Championship_2122
15,16,Blackpool,23,11,3,9,23,5,9,9,46,16,12,18,54,58,-4,60,English_Championship_2122
16,17,Bristol City,23,8,8,7,23,7,2,14,46,15,10,21,62,77,-15,55,English_Championship_2122
17,18,Cardiff City,23,7,4,12,23,8,4,11,46,15,8,23,50,68,-18,53,English_Championship_2122
18,19,Hull City,23,7,4,12,23,7,5,11,46,14,9,23,41,54,-13,51,English_Championship_2122
19,20,Birmingham City,23,7,6,10,23,4,8,11,46,11,14,21,50,75,-25,47,English_Championship_2122
20,21,Reading (-6),23,7,5,11,23,6,3,14,46,13,8,25,54,87,-33,41,English_Championship_2122
21,22,Peterborough United,23,6,7,10,23,3,3,17,46,9,10,27,43,87,-44,37,English_Championship_2122
22,23,Derby County (-21),23,11,7,5,23,3,6,14,46,14,13,19,45,53,-8,34,English_Championship_2122
23,24,Barnsley,23,5,7,11,23,1,5,17,46,6,12,28,33,73,-40,30,English_Championship_2122
0,1,Bristol City,23,16,5,2,23,13,7,3,46,29,12,5,96,38,58,99,English_L1_1415
1,2,Milton Keynes Dons,23,16,3,4,23,11,7,5,46,27,10,9,101,44,57,91,English_L1_1415
2,3,Preston North End,23,13,9,1,23,12,5,6,46,25,14,7,79,40,39,89,English_L1_1415
3,4,Swindon Town,23,12,5,6,23,11,5,7,46,23,10,13,76,57,19,79,English_L1_1415
4,5,Sheffield United,23,10,7,6,23,9,7,7,46,19,14,13,66,53,13,71,English_L1_1415
5,6,Chesterfield,23,12,4,7,23,7,8,8,46,19,12,15,68,55,13,69,English_L1_1415
6,7,Bradford City,23,8,6,9,23,9,8,6,46,17,14,15,55,55,0,65,English_L1_1415
7,8,Rochdale,23,11,3,9,23,8,3,12,46,19,6,21,72,66,6,63,English_L1_1415
8,9,Peterborough United,23,10,5,8,23,8,4,11,46,18,9,19,53,56,-3,63,English_L1_1415
9,10,Fleetwood Town,23,8,9,6,23,9,3,11,46,17,12,17,49,52,-3,63,English_L1_1415
10,11,Barnsley,23,11,5,7,23,6,6,11,46,17,11,18,62,61,1,62,English_L1_1415
11,12,Gillingham,23,11,6,6,23,5,8,10,46,16,14,16,65,66,-1,62,English_L1_1415
12,13,Doncaster Rovers,23,7,6,10,23,9,7,7,46,16,13,17,58,62,-4,61,English_L1_1415
13,14,Walsall,23,8,8,7,23,6,9,8,46,14,17,15,50,54,-4,59,English_L1_1415
14,15,Oldham Athletic,23,8,8,7,23,6,7,10,46,14,15,17,54,67,-13,57,English_L1_1415
15,16,Scunthorpe United,23,9,6,8,23,5,8,10,46,14,14,18,62,75,-13,56,English_L1_1415
16,17,Coventry City,23,6,9,8,23,7,7,9,46,13,16,17,49,60,-11,55,English_L1_1415
17,18,Port Vale,23,8,5,10,23,7,4,12,46,15,9,22,55,65,-10,54,English_L1_1415
18,19,Colchester United,23,7,4,12,23,7,6,10,46,14,10,22,58,77,-19,52,English_L1_1415
19,20,Crewe Alexandra,23,8,7,8,23,6,3,14,46,14,10,22,43,75,-32,52,English_L1_1415
20,21,Notts County,23,5,6,12,23,7,8,8,46,12,14,20,45,63,-18,50,English_L1_1415
21,22,Crawley Town,23,9,6,8,23,4,5,14,46,13,11,22,53,79,-26,50,English_L1_1415
22,23,Leyton Orient,23,5,6,12,23,7,7,9,46,12,13,21,59,69,-10,49,English_L1_1415
23,24,Yeovil Town,23,5,7,11,23,5,3,15,46,10,10,26,36,75,-39,40,English_L1_1415
0,1,Wigan Athletic,23,14,6,3,23,10,9,4,46,24,15,7,82,45,37,87,English_L1_1516
1,2,Burton Albion,23,13,8,2,23,12,2,9,46,25,10,11,57,37,20,85,English_L1_1516
2,3,Walsall,23,11,6,6,23,13,6,4,46,24,12,10,71,49,22,84,English_L1_1516
3,4,Millwall,23,13,3,7,23,11,6,6,46,24,9,13,73,49,24,81,English_L1_1516
4,5,Bradford City,23,14,5,4,23,9,6,8,46,23,11,12,55,40,15,80,English_L1_1516
5,6,Barnsley,23,11,4,8,23,11,4,8,46,22,8,16,70,54,16,74,English_L1_1516
6,7,Scunthorpe United,23,12,6,5,23,9,5,9,46,21,11,14,60,47,13,74,English_L1_1516
7,8,Coventry City,23,12,6,5,23,7,6,10,46,19,12,15,67,49,18,69,English_L1_1516
8,9,Gillingham,23,13,4,6,23,6,8,9,46,19,12,15,71,56,15,69,English_L1_1516
9,10,Rochdale,23,12,6,5,23,7,6,10,46,19,12,15,68,61,7,69,English_L1_1516
10,11,Sheffield United,23,11,4,8,23,7,8,8,46,18,12,16,64,59,5,66,English_L1_1516
11,12,Port Vale,23,12,7,4,23,6,4,13,46,18,11,17,56,58,-2,65,English_L1_1516
12,13,Peterborough United,23,9,4,10,23,10,2,11,46,19,6,21,82,73,9,63,English_L1_1516
13,14,Bury,23,10,8,5,23,6,4,13,46,16,12,18,56,73,-17,60,English_L1_1516
14,15,Southend United,23,10,5,8,23,6,6,11,46,16,11,19,58,64,-6,59,English_L1_1516
15,16,Swindon Town,23,10,4,9,23,6,7,10,46,16,11,19,64,71,-7,59,English_L1_1516
16,17,Oldham Athletic,23,7,5,11,23,5,13,5,46,12,18,16,44,58,-14,54,English_L1_1516
17,18,Chesterfield,23,6,6,11,23,9,2,12,46,15,8,23,58,70,-12,53,English_L1_1516
18,19,Fleetwood Town,23,9,8,6,23,3,7,13,46,12,15,19,52,56,-4,51,English_L1_1516
19,20,Shrewsbury Town,23,5,5,13,23,8,6,9,46,13,11,22,58,79,-21,50,English_L1_1516
20,21,Doncaster Rovers,23,7,7,9,23,4,6,13,46,11,13,22,48,64,-16,46,English_L1_1516
21,22,Blackpool,23,8,5,10,23,4,5,14,46,12,10,24,40,63,-23,46,English_L1_1516
22,23,Colchester United,23,4,9,10,23,5,4,14,46,9,13,24,57,99,-42,40,English_L1_1516
23,24,Crewe Alexandra,23,4,7,12,23,3,6,14,46,7,13,26,46,83,-37,34,English_L1_1516
0,1,Sheffield United,23,17,3,3,23,13,7,3,46,30,10,6,92,47,45,100,English_L1_1617
1,2,Bolton Wanderers,23,13,7,3,23,12,4,7,46,25,11,10,68,36,32,86,English_L1_1617
2,3,Scunthorpe United,23,14,6,3,23,10,4,9,46,24,10,12,80,54,26,82,English_L1_1617
3,4,Fleetwood Town,23,12,8,3,23,11,5,7,46,23,13,10,64,43,21,82,English_L1_1617
4,5,Bradford City,23,11,12,0,23,9,7,7,46,20,19,7,62,43,19,79,English_L1_1617
5,6,Millwall,23,13,6,4,23,7,7,9,46,20,13,13,66,57,9,73,English_L1_1617
6,7,Southend United,23,11,7,5,23,9,5,9,46,20,12,14,70,53,17,72,English_L1_1617
7,8,Oxford United,23,11,4,8,23,9,5,9,46,20,9,17,65,52,13,69,English_L1_1617
8,9,Rochdale,23,13,7,3,23,6,5,12,46,19,12,15,71,62,9,69,English_L1_1617
9,10,Bristol Rovers,23,13,6,4,23,5,6,12,46,18,12,16,68,70,-2,66,English_L1_1617
10,11,Peterborough United,23,9,6,8,23,8,5,10,46,17,11,18,62,62,0,62,English_L1_1617
11,12,Milton Keynes Dons,23,7,6,10,23,9,7,7,46,16,13,17,60,58,2,61,English_L1_1617
12,13,Charlton Athletic,23,9,8,6,23,5,10,8,46,14,18,14,60,53,7,60,English_L1_1617
13,14,Walsall,23,11,5,7,23,3,11,9,46,14,16,16,51,58,-7,58,English_L1_1617
14,15,AFC Wimbledon,23,8,8,7,23,5,10,8,46,13,18,15,52,55,-3,57,English_L1_1617
15,16,Northampton Town,23,9,5,9,23,5,6,12,46,14,11,21,60,73,-13,53,English_L1_1617
16,17,Oldham Athletic,23,8,9,6,23,4,8,11,46,12,17,17,31,44,-13,53,English_L1_1617
17,18,Shrewsbury Town,23,10,5,8,23,3,7,13,46,13,12,21,46,63,-17,51,English_L1_1617
18,19,Bury,23,9,3,11,23,4,8,11,46,13,11,22,61,73,-12,50,English_L1_1617
19,20,Gillingham,23,8,9,6,23,4,5,14,46,12,14,20,59,79,-20,50,English_L1_1617
20,21,Port Vale,23,10,6,7,23,2,7,14,46,12,13,21,45,70,-25,49,English_L1_1617
21,22,Swindon Town,23,7,6,10,23,4,5,14,46,11,11,24,44,66,-22,44,English_L1_1617
22,23,Coventry City,23,8,7,8,23,1,5,17,46,9,12,25,37,68,-31,39,English_L1_1617
23,24,Chesterfield,23,7,5,11,23,2,5,16,46,9,10,27,43,78,-35,37,English_L1_1617
0,1,Wigan Athletic,23,13,8,2,23,16,3,4,46,29,11,6,89,29,60,98,English_L1_1718
1,2,Blackburn Rovers,23,15,6,2,23,13,6,4,46,28,12,6,82,40,42,96,English_L1_1718
2,3,Shrewsbury Town,23,14,4,5,23,11,8,4,46,25,12,9,60,39,21,87,English_L1_1718
3,4,Rotherham United,23,15,3,5,23,9,4,10,46,24,7,15,73,53,20,79,English_L1_1718
4,5,Scunthorpe United,23,9,8,6,23,10,9,4,46,19,17,10,65,50,15,74,English_L1_1718
5,6,Charlton Athletic,23,11,6,6,23,9,5,9,46,20,11,15,58,51,7,71,English_L1_1718
6,7,Plymouth Argyle,23,13,3,7,23,6,8,9,46,19,11,16,58,59,-1,68,English_L1_1718
7,8,Portsmouth,23,12,3,8,23,8,3,12,46,20,6,20,57,56,1,66,English_L1_1718
8,9,Peterborough United,23,12,4,7,23,5,9,9,46,17,13,16,68,60,8,64,English_L1_1718
9,10,Southend United,23,12,7,4,23,5,5,13,46,17,12,17,58,62,-4,63,English_L1_1718
10,11,Bradford City,23,9,4,10,23,9,5,9,46,18,9,19,57,67,-10,63,English_L1_1718
11,12,Blackpool,23,9,8,6,23,6,7,10,46,15,15,16,60,55,5,60,English_L1_1718
12,13,Bristol Rovers,23,11,6,6,23,5,5,13,46,16,11,19,60,66,-6,59,English_L1_1718
13,14,Fleetwood Town,23,7,6,10,23,9,3,11,46,16,9,21,59,68,-9,57,English_L1_1718
14,15,Doncaster Rovers,23,7,9,7,23,6,8,9,46,13,17,16,52,52,0,56,English_L1_1718
15,16,Oxford United,23,9,6,8,23,6,5,12,46,15,11,20,61,66,-5,56,English_L1_1718
16,17,Gillingham,23,5,11,7,23,8,6,9,46,13,17,16,50,55,-5,56,English_L1_1718
17,18,AFC Wimbledon,23,8,6,9,23,5,8,10,46,13,14,19,47,58,-11,53,English_L1_1718
18,19,Walsall,23,9,6,8,23,4,7,12,46,13,13,20,53,66,-13,52,English_L1_1718
19,20,Rochdale,23,6,12,5,23,5,6,12,46,11,18,17,49,57,-8,51,English_L1_1718
20,21,Oldham Athletic,23,8,6,9,23,3,11,9,46,11,17,18,58,75,-17,50,English_L1_1718
21,22,Northampton Town,23,7,5,11,23,5,6,12,46,12,11,23,43,77,-34,47,English_L1_1718
22,23,Milton Keynes Dons,23,6,8,9,23,5,4,14,46,11,12,23,43,69,-26,45,English_L1_1718
23,24,Bury,23,7,4,12,23,1,8,14,46,8,12,26,41,71,-30,36,English_L1_1718
0,1,Luton Town,23,16,7,0,23,11,6,6,46,27,13,6,90,42,48,94,English_L1_1819
1,2,Barnsley,23,15,8,0,23,11,5,7,46,26,13,7,80,39,41,91,English_L1_1819
2,3,Charlton Athletic,23,16,5,2,23,10,5,8,46,26,10,10,73,40,33,88,English_L1_1819
3,4,Portsmouth,23,12,7,4,23,13,6,4,46,25,13,8,83,51,32,88,English_L1_1819
4,5,Sunderland,23,12,10,1,23,10,9,4,46,22,19,5,80,47,33,85,English_L1_1819
5,6,Doncaster Rovers,23,13,7,3,23,7,6,10,46,20,13,13,76,58,18,73,English_L1_1819
6,7,Peterborough United,23,9,7,7,23,11,5,7,46,20,12,14,71,62,9,72,English_L1_1819
7,8,Coventry City,23,9,7,7,23,9,4,10,46,18,11,17,54,54,0,65,English_L1_1819
8,9,Burton Albion,23,11,5,7,23,6,7,10,46,17,12,17,66,57,9,63,English_L1_1819
9,10,Blackpool,23,8,8,7,23,7,9,7,46,15,17,14,50,52,-2,62,English_L1_1819
10,11,Fleetwood Town,23,9,9,5,23,7,4,12,46,16,13,17,58,52,6,61,English_L1_1819
11,12,Oxford United,23,11,4,8,23,4,11,8,46,15,15,16,58,64,-6,60,English_L1_1819
12,13,Gillingham,23,7,4,12,23,8,6,9,46,15,10,21,61,72,-11,55,English_L1_1819
13,14,Accrington Stanley,23,7,6,10,23,7,7,9,46,14,13,19,51,67,-16,55,English_L1_1819
14,15,Bristol Rovers,23,6,6,11,23,7,9,7,46,13,15,18,47,50,-3,54,English_L1_1819
15,16,Rochdale,23,8,4,11,23,7,5,11,46,15,9,22,54,87,-33,54,English_L1_1819
16,17,Wycombe Wanderers,23,10,5,8,23,4,6,13,46,14,11,21,55,67,-12,53,English_L1_1819
17,18,Shrewsbury Town,23,8,9,6,23,4,7,12,46,12,16,18,51,59,-8,52,English_L1_1819
18,19,Southend United,23,8,2,13,23,6,6,11,46,14,8,24,55,68,-13,50,English_L1_1819
19,20,AFC Wimbledon,23,6,5,12,23,7,6,10,46,13,11,22,42,63,-21,50,English_L1_1819
20,21,Plymouth Argyle,23,9,6,8,23,4,5,14,46,13,11,22,56,80,-24,50,English_L1_1819
21,22,Walsall,23,7,5,11,23,5,6,12,46,12,11,23,49,71,-22,47,English_L1_1819
22,23,Scunthorpe United,23,6,7,10,23,6,3,14,46,12,10,24,53,83,-30,46,English_L1_1819
23,24,Bradford City,23,7,4,12,23,4,4,15,46,11,8,27,49,77,-28,41,English_L1_1819
0,1,Coventry City,17,11,5,1,17,7,8,2,34,18,13,3,48,30,18,67,English_L1_1920
1,2,Rotherham United,17,8,5,4,18,10,3,5,35,18,8,9,61,38,23,62,English_L1_1920
2,3,Wycombe Wanderers,18,13,3,2,16,4,5,7,34,17,8,9,45,40,5,59,English_L1_1920
3,4,Oxford United,17,11,3,3,18,6,6,6,35,17,9,9,61,37,24,60,English_L1_1920
4,5,Portsmouth,18,12,6,0,17,5,3,9,35,17,9,9,53,36,17,60,English_L1_1920
5,6,Fleetwood Town,18,10,7,1,17,6,5,6,35,16,12,7,51,38,13,60,English_L1_1920
6,7,Peterborough United,17,12,3,2,18,5,5,8,35,17,8,10,68,40,28,59,English_L1_1920
7,8,Sunderland,19,10,8,1,17,6,3,8,36,16,11,9,48,32,16,59,English_L1_1920
8,9,Doncaster Rovers,19,10,5,4,15,5,4,6,34,15,9,10,51,33,18,54,English_L1_1920
9,10,Gillingham,17,9,3,5,18,3,12,3,35,12,15,8,42,34,8,51,English_L1_1920
10,11,Ipswich Town,17,6,5,6,19,8,5,6,36,14,10,12,46,36,10,52,English_L1_1920
11,12,Burton Albion,17,6,8,3,18,6,4,8,35,12,12,11,50,50,0,48,English_L1_1920
12,13,Blackpool,17,9,2,6,18,2,10,6,35,11,12,12,44,43,1,45,English_L1_1920
13,14,Bristol Rovers,18,7,6,5,17,5,3,9,35,12,9,14,38,49,-11,45,English_L1_1920
14,15,Shrewsbury Town,17,6,5,6,17,4,6,7,34,10,11,13,31,42,-11,41,English_L1_1920
15,16,Lincoln City,17,10,3,4,18,2,3,13,35,12,6,17,44,46,-2,42,English_L1_1920
16,17,Accrington Stanley,17,7,2,8,18,3,8,7,35,10,10,15,47,53,-6,40,English_L1_1920
17,18,Rochdale,16,5,4,7,18,5,2,11,34,10,6,18,39,57,-18,36,English_L1_1920
18,19,Milton Keynes Dons,18,9,1,8,17,1,6,10,35,10,7,18,36,47,-11,37,English_L1_1920
19,20,AFC Wimbledon,18,5,9,4,17,3,2,12,35,8,11,16,39,52,-13,35,English_L1_1920
20,21,Tranmere Rovers,17,3,6,8,17,5,2,10,34,8,8,18,36,60,-24,32,English_L1_1920
21,22,Southend United,17,2,4,11,18,2,3,13,35,4,7,24,39,85,-46,19,English_L1_1920
22,23,Bolton Wanderers (-12),17,4,8,5,17,1,3,13,34,5,11,18,27,66,-39,14,English_L1_1920
0,1,Hull City,23,14,4,5,23,13,4,6,46,27,8,11,80,38,42,89,English_L1_2021
1,2,Peterborough United,23,15,5,3,23,11,4,8,46,26,9,11,83,46,37,87,English_L1_2021
2,3,Blackpool,23,12,7,4,23,11,4,8,46,23,11,12,60,37,23,80,English_L1_2021
3,4,Sunderland,23,9,8,6,23,11,9,3,46,20,17,9,70,42,28,77,English_L1_2021
4,5,Lincoln City,23,9,5,9,23,13,6,4,46,22,11,13,69,50,19,77,English_L1_2021
5,6,Oxford United,23,13,4,6,23,9,4,10,46,22,8,16,77,56,21,74,English_L1_2021
6,7,Charlton Athletic,23,8,7,8,23,12,7,4,46,20,14,12,70,56,14,74,English_L1_2021
7,8,Portsmouth,23,9,5,9,23,12,4,7,46,21,9,16,65,51,14,72,English_L1_2021
8,9,Ipswich Town,23,12,5,6,23,7,7,9,46,19,12,15,46,46,0,69,English_L1_2021
9,10,Gillingham,23,10,5,8,23,9,5,9,46,19,10,17,63,60,3,67,English_L1_2021
10,11,Accrington Stanley,23,10,7,6,23,8,6,9,46,18,13,15,63,68,-5,67,English_L1_2021
11,12,Crewe Alexandra,23,10,7,6,23,8,5,10,46,18,12,16,56,61,-5,66,English_L1_2021
12,13,Milton Keynes Dons,23,10,7,6,23,8,4,11,46,18,11,17,64,62,2,65,English_L1_2021
13,14,Doncaster Rovers,23,11,4,8,23,8,3,12,46,19,7,20,63,67,-4,64,English_L1_2021
14,15,Fleetwood Town,23,9,8,6,23,7,4,12,46,16,12,18,49,46,3,60,English_L1_2021
15,16,Burton Albion,23,7,4,12,23,8,8,7,46,15,12,19,61,73,-12,57,English_L1_2021
16,17,Shrewsbury Town,23,5,8,10,23,8,7,8,46,13,15,18,50,57,-7,54,English_L1_2021
17,18,Plymouth Argyle,23,11,4,8,23,3,7,13,46,14,11,21,53,80,-27,53,English_L1_2021
18,19,AFC Wimbledon,23,7,5,11,23,5,10,8,46,12,15,19,54,70,-16,51,English_L1_2021
19,20,Wigan Athletic,23,5,6,12,23,8,3,12,46,13,9,24,54,77,-23,48,English_L1_2021
20,21,Rochdale,23,4,9,10,23,7,5,11,46,11,14,21,61,78,-17,47,English_L1_2021
21,22,Northampton Town,23,8,5,10,23,3,7,13,46,11,12,23,41,67,-26,45,English_L1_2021
22,23,Swindon Town,23,8,1,14,23,5,3,15,46,13,4,29,55,89,-34,43,English_L1_2021
23,24,Bristol Rovers,23,7,2,14,23,3,6,14,46,10,8,28,40,70,-30,38,English_L1_2021
0,1,Wigan Athletic,23,13,5,5,23,14,6,3,46,27,11,8,82,44,38,92,English_L1_2122
1,2,Rotherham United,23,15,3,5,23,12,6,5,46,27,9,10,70,33,37,90,English_L1_2122
2,3,Milton Keynes Dons,23,13,5,5,23,13,6,4,46,26,11,9,78,44,34,89,English_L1_2122
3,4,Sheffield Wednesday,23,16,5,2,23,8,8,7,46,24,13,9,78,50,28,85,English_L1_2122
4,5,Sunderland,23,16,3,4,23,8,9,6,46,24,12,10,79,53,26,84,English_L1_2122
5,6,Wycombe Wanderers,23,14,5,4,23,9,9,5,46,23,14,9,75,51,24,83,English_L1_2122
6,7,Plymouth Argyle,23,14,4,5,23,9,7,7,46,23,11,12,68,48,20,80,English_L1_2122
7,8,Oxford United,23,13,6,4,23,9,4,10,46,22,10,14,82,59,23,76,English_L1_2122
8,9,Bolton Wanderers,23,12,7,4,23,9,3,11,46,21,10,15,74,57,17,73,English_L1_2122
9,10,Portsmouth,23,14,5,4,23,6,8,9,46,20,13,13,68,51,17,73,English_L1_2122
10,11,Ipswich Town,23,11,9,3,23,7,7,9,46,18,16,12,67,46,21,70,English_L1_2122
11,12,Accrington Stanley,23,12,6,5,23,5,4,14,46,17,10,19,61,80,-19,61,English_L1_2122
12,13,Charlton Athletic,23,10,4,9,23,7,4,12,46,17,8,21,55,59,-4,59,English_L1_2122
13,14,Cambridge United,23,8,8,7,23,7,5,11,46,15,13,18,56,74,-18,58,English_L1_2122
14,15,Cheltenham Town,23,10,7,6,23,3,10,10,46,13,17,16,66,80,-14,56,English_L1_2122
15,16,Burton Albion,23,10,6,7,23,4,5,14,46,14,11,21,51,67,-16,53,English_L1_2122
16,17,Lincoln City,23,7,5,11,23,7,5,11,46,14,10,22,55,63,-8,52,English_L1_2122
17,18,Shrewsbury Town,23,9,7,7,23,3,7,13,46,12,14,20,47,51,-4,50,English_L1_2122
18,19,Morecambe,23,7,8,8,23,3,4,16,46,10,12,24,57,88,-31,42,English_L1_2122
19,20,Fleetwood Town,23,5,8,10,23,3,8,12,46,8,16,22,62,82,-20,40,English_L1_2122
20,21,Gillingham,23,4,8,11,23,4,8,11,46,8,16,22,35,69,-34,40,English_L1_2122
21,22,Doncaster Rovers,23,7,3,13,23,3,5,15,46,10,8,28,37,82,-45,38,English_L1_2122
22,23,AFC Wimbledon,23,2,14,7,23,4,5,14,46,6,19,21,49,75,-26,37,English_L1_2122
23,24,Crewe Alexandra,23,5,5,13,23,2,3,18,46,7,8,31,37,83,-46,29,English_L1_2122
0,1,Burton Albion,23,16,4,3,23,12,6,5,46,28,10,8,69,39,30,94,English_L2_1415
1,2,Shrewsbury Town,23,17,4,2,23,10,4,9,46,27,8,11,67,31,36,89,English_L2_1415
2,3,Bury,23,14,3,6,23,12,4,7,46,26,7,13,60,40,20,85,English_L2_1415
3,4,Wycombe Wanderers,23,10,7,6,23,13,8,2,46,23,15,8,67,45,22,84,English_L2_1415
4,5,Southend United,23,12,8,3,23,12,4,7,46,24,12,10,54,38,16,84,English_L2_1415
5,6,Stevenage,23,15,3,5,23,5,9,9,46,20,12,14,62,54,8,72,English_L2_1415
6,7,Plymouth Argyle,23,13,6,4,23,7,5,11,46,20,11,15,55,37,18,71,English_L2_1415
7,8,Luton Town,23,13,4,6,23,6,7,10,46,19,11,16,54,44,10,68,English_L2_1415
8,9,Newport County,23,9,7,7,23,9,4,10,46,18,11,17,51,54,-3,65,English_L2_1415
9,10,Exeter City,23,8,8,7,23,9,5,9,46,17,13,16,61,65,-4,64,English_L2_1415
10,11,Morecambe,23,8,6,9,23,9,6,8,46,17,12,17,53,52,1,63,English_L2_1415
11,12,Northampton Town,23,13,2,8,23,5,5,13,46,18,7,21,67,62,5,61,English_L2_1415
12,13,Oxford United,23,7,9,7,23,8,7,8,46,15,16,15,50,49,1,61,English_L2_1415
13,14,Dagenham & Redbridge,23,9,3,11,23,8,5,10,46,17,8,21,58,59,-1,59,English_L2_1415
14,15,AFC Wimbledon,23,10,8,5,23,4,8,11,46,14,16,16,54,60,-6,58,English_L2_1415
15,16,Portsmouth,23,11,6,6,23,3,9,11,46,14,15,17,52,54,-2,57,English_L2_1415
16,17,Accrington Stanley,23,10,6,7,23,5,5,13,46,15,11,20,58,77,-19,56,English_L2_1415
17,18,York City,23,5,10,8,23,6,9,8,46,11,19,16,46,51,-5,52,English_L2_1415
18,19,Cambridge United,23,7,5,11,23,6,7,10,46,13,12,21,61,66,-5,51,English_L2_1415
19,20,Carlisle United,23,9,5,9,23,5,3,15,46,14,8,24,56,74,-18,50,English_L2_1415
20,21,Mansfield Town,23,10,5,8,23,3,4,16,46,13,9,24,38,62,-24,48,English_L2_1415
21,22,Hartlepool United,23,8,5,10,23,4,4,15,46,12,9,25,39,70,-31,45,English_L2_1415
22,23,Cheltenham Town,23,5,8,10,23,4,6,13,46,9,14,23,40,67,-27,41,English_L2_1415
23,24,Tranmere Rovers,23,5,7,11,23,4,5,14,46,9,12,25,45,67,-22,39,English_L2_1415
0,1,Northampton Town,23,15,5,3,23,14,7,2,46,29,12,5,82,46,36,99,English_L2_1516
1,2,Oxford United,23,10,7,6,23,14,7,2,46,24,14,8,84,41,43,86,English_L2_1516
2,3,Bristol Rovers,23,15,2,6,23,11,5,7,46,26,7,13,77,46,31,85,English_L2_1516
3,4,Accrington Stanley,23,11,9,3,23,13,4,6,46,24,13,9,74,48,26,85,English_L2_1516
4,5,Plymouth Argyle,23,12,3,8,23,12,6,5,46,24,9,13,72,46,26,81,English_L2_1516
5,6,Portsmouth,23,10,7,6,23,11,8,4,46,21,15,10,75,44,31,78,English_L2_1516
6,7,AFC Wimbledon,23,11,4,8,23,10,8,5,46,21,12,13,64,50,14,75,English_L2_1516
7,8,Leyton Orient,23,11,4,8,23,8,8,7,46,19,12,15,60,61,-1,69,English_L2_1516
8,9,Cambridge United,23,10,6,7,23,8,8,7,46,18,14,14,66,55,11,68,English_L2_1516
9,10,Carlisle United,23,10,6,7,23,7,10,6,46,17,16,13,67,62,5,67,English_L2_1516
10,11,Luton Town,23,7,6,10,23,12,3,8,46,19,9,18,63,61,2,66,English_L2_1516
11,12,Mansfield Town,23,7,10,6,23,10,3,10,46,17,13,16,61,53,8,64,English_L2_1516
12,13,Wycombe Wanderers,23,9,6,8,23,8,7,8,46,17,13,16,45,44,1,64,English_L2_1516
13,14,Exeter City,23,6,11,6,23,11,2,10,46,17,13,16,63,65,-2,64,English_L2_1516
14,15,Barnet,23,13,3,7,23,4,8,11,46,17,11,18,67,68,-1,62,English_L2_1516
15,16,Hartlepool United,23,9,3,11,23,6,3,14,46,15,6,25,49,72,-23,51,English_L2_1516
16,17,Notts County,23,9,4,10,23,5,5,13,46,14,9,23,54,83,-29,51,English_L2_1516
17,18,Stevenage,23,6,8,9,23,5,7,11,46,11,15,20,52,67,-15,48,English_L2_1516
18,19,Yeovil Town,23,6,9,8,23,5,6,12,46,11,15,20,43,59,-16,48,English_L2_1516
19,20,Crawley Town,23,8,5,10,23,5,3,15,46,13,8,25,45,78,-33,47,English_L2_1516
20,21,Morecambe,23,7,3,13,23,5,7,11,46,12,10,24,69,91,-22,46,English_L2_1516
21,22,Newport County,23,4,8,11,23,6,5,12,46,10,13,23,43,64,-21,43,English_L2_1516
22,23,Dagenham & Redbridge,23,3,5,15,23,5,5,13,46,8,10,28,46,81,-35,34,English_L2_1516
23,24,York City,23,6,7,10,23,1,6,16,46,7,13,26,51,87,-36,34,English_L2_1516
0,1,Portsmouth,23,14,4,5,23,12,5,6,46,26,9,11,79,40,39,87,English_L2_1617
1,2,Plymouth Argyle,23,13,3,7,23,13,6,4,46,26,9,11,71,46,25,87,English_L2_1617
2,3,Doncaster Rovers,23,14,6,3,23,11,4,8,46,25,10,11,85,55,30,85,English_L2_1617
3,4,Luton Town,23,11,7,5,23,9,10,4,46,20,17,9,70,43,27,77,English_L2_1617
4,5,Exeter City,23,8,5,10,23,13,3,7,46,21,8,17,75,56,19,71,English_L2_1617
5,6,Carlisle United,23,10,7,6,23,8,10,5,46,18,17,11,69,68,1,71,English_L2_1617
6,7,Blackpool,23,10,9,4,23,8,7,8,46,18,16,12,69,46,23,70,English_L2_1617
7,8,Colchester United,23,14,4,5,23,5,8,10,46,19,12,15,67,57,10,69,English_L2_1617
8,9,Wycombe Wanderers,23,11,6,6,23,8,6,9,46,19,12,15,58,53,5,69,English_L2_1617
9,10,Stevenage,23,11,1,11,23,9,6,8,46,20,7,19,67,63,4,67,English_L2_1617
10,11,Cambridge United,23,9,5,9,23,10,4,9,46,19,9,18,58,50,8,66,English_L2_1617
11,12,Mansfield Town,23,9,7,7,23,8,8,7,46,17,15,14,54,50,4,66,English_L2_1617
12,13,Accrington Stanley,23,10,7,6,23,7,7,9,46,17,14,15,59,56,3,65,English_L2_1617
13,14,Grimsby Town,23,9,6,8,23,8,5,10,46,17,11,18,59,63,-4,62,English_L2_1617
14,15,Barnet,23,6,9,8,23,8,6,9,46,14,15,17,57,64,-7,57,English_L2_1617
15,16,Notts County,23,7,7,9,23,9,1,13,46,16,8,22,54,76,-22,56,English_L2_1617
16,17,Crewe Alexandra,23,8,7,8,23,6,6,11,46,14,13,19,58,67,-9,55,English_L2_1617
17,18,Morecambe,23,6,4,13,23,8,6,9,46,14,10,22,53,73,-20,52,English_L2_1617
18,19,Crawley Town,23,8,7,8,23,5,5,13,46,13,12,21,53,71,-18,51,English_L2_1617
19,20,Yeovil Town,23,8,8,7,23,3,9,11,46,11,17,18,49,64,-15,50,English_L2_1617
20,21,Cheltenham Town,23,8,7,8,23,4,7,12,46,12,14,20,49,69,-20,50,English_L2_1617
21,22,Newport County,23,6,8,9,23,6,4,13,46,12,12,22,51,73,-22,48,English_L2_1617
22,23,Hartlepool United,23,7,8,8,23,4,5,14,46,11,13,22,54,75,-21,46,English_L2_1617
23,24,Leyton Orient,23,4,1,18,23,6,5,12,46,10,6,30,47,87,-40,36,English_L2_1617
0,1,Accrington Stanley,23,17,3,3,23,12,3,8,46,29,6,11,76,46,30,93,English_L2_1718
1,2,Luton Town,23,17,2,4,23,8,11,4,46,25,13,8,94,46,48,88,English_L2_1718
2,3,Wycombe Wanderers,23,12,5,6,23,12,7,4,46,24,12,10,79,60,19,84,English_L2_1718
3,4,Exeter City,23,15,4,4,23,9,4,10,46,24,8,14,64,54,10,80,English_L2_1718
4,5,Notts County,23,14,7,2,23,7,7,9,46,21,14,11,71,48,23,77,English_L2_1718
5,6,Coventry City,23,13,4,6,23,9,5,9,46,22,9,15,64,47,17,75,English_L2_1718
6,7,Lincoln City,23,12,8,3,23,8,7,8,46,20,15,11,64,48,16,75,English_L2_1718
7,8,Mansfield Town,23,10,10,3,23,8,8,7,46,18,18,10,67,52,15,72,English_L2_1718
8,9,Swindon Town,23,9,5,9,23,11,3,9,46,20,8,18,67,65,2,68,English_L2_1718
9,10,Carlisle United,23,7,10,6,23,10,6,7,46,17,16,13,62,54,8,67,English_L2_1718
10,11,Newport County,23,9,10,4,23,7,6,10,46,16,16,14,56,58,-2,64,English_L2_1718
11,12,Cambridge United,23,13,5,5,23,4,8,11,46,17,13,16,56,60,-4,64,English_L2_1718
12,13,Colchester United,23,9,7,7,23,7,7,9,46,16,14,16,53,52,1,62,English_L2_1718
13,14,Crawley Town,23,8,4,11,23,8,7,8,46,16,11,19,58,66,-8,59,English_L2_1718
14,15,Crewe Alexandra,23,10,4,9,23,7,1,15,46,17,5,24,62,75,-13,56,English_L2_1718
15,16,Stevenage,23,9,9,5,23,5,4,14,46,14,13,19,60,65,-5,55,English_L2_1718
16,17,Cheltenham Town,23,8,6,9,23,5,6,12,46,13,12,21,67,73,-6,51,English_L2_1718
17,18,Grimsby Town,23,6,9,8,23,7,3,13,46,13,12,21,42,66,-24,51,English_L2_1718
18,19,Yeovil Town,23,8,5,10,23,4,7,12,46,12,12,22,59,75,-16,48,English_L2_1718
19,20,Port Vale,23,7,6,10,23,4,8,11,46,11,14,21,49,67,-18,47,English_L2_1718
20,21,Forest Green Rovers,23,10,2,11,23,3,6,14,46,13,8,25,54,77,-23,47,English_L2_1718
21,22,Morecambe,23,6,9,8,23,3,10,10,46,9,19,18,41,56,-15,46,English_L2_1718
22,23,Barnet,23,8,6,9,23,4,4,15,46,12,10,24,46,65,-19,46,English_L2_1718
23,24,Chesterfield,23,8,3,12,23,2,5,16,46,10,8,28,47,83,-36,38,English_L2_1718
0,1,Lincoln City,23,11,10,2,23,12,6,5,46,23,16,7,73,43,30,85,English_L2_1819
1,2,Bury,23,14,6,3,23,8,7,8,46,22,13,11,82,56,26,79,English_L2_1819
2,3,Milton Keynes Dons,23,14,5,4,23,9,5,9,46,23,10,13,71,49,22,79,English_L2_1819
3,4,Mansfield Town,23,14,5,4,23,6,11,6,46,20,16,10,69,41,28,76,English_L2_1819
4,5,Forest Green Rovers,23,8,9,6,23,12,5,6,46,20,14,12,68,47,21,74,English_L2_1819
5,6,Tranmere Rovers,23,14,5,4,23,6,8,9,46,20,13,13,63,50,13,73,English_L2_1819
6,7,Newport County,23,14,6,3,23,6,5,12,46,20,11,15,59,59,0,71,English_L2_1819
7,8,Colchester United,23,12,4,7,23,8,6,9,46,20,10,16,65,53,12,70,English_L2_1819
8,9,Exeter City,23,12,3,8,23,7,10,6,46,19,13,14,60,49,11,70,English_L2_1819
9,10,Stevenage,23,12,3,8,23,8,7,8,46,20,10,16,59,55,4,70,English_L2_1819
10,11,Carlisle United,23,12,3,8,23,8,5,10,46,20,8,18,67,62,5,68,English_L2_1819
11,12,Crewe Alexandra,23,15,2,6,23,4,6,13,46,19,8,19,60,59,1,65,English_L2_1819
12,13,Swindon Town,23,8,9,6,23,8,7,8,46,16,16,14,59,56,3,64,English_L2_1819
13,14,Oldham Athletic,23,10,6,7,23,6,8,9,46,16,14,16,67,60,7,62,English_L2_1819
14,15,Northampton Town,23,7,12,4,23,7,7,9,46,14,19,13,64,63,1,61,English_L2_1819
15,16,Cheltenham Town,23,10,7,6,23,5,5,13,46,15,12,19,57,68,-11,57,English_L2_1819
16,17,Grimsby Town,23,11,4,8,23,5,4,14,46,16,8,22,45,56,-11,56,English_L2_1819
17,18,Morecambe,23,8,5,10,23,6,7,10,46,14,12,20,54,70,-16,54,English_L2_1819
18,19,Crawley Town,23,10,5,8,23,5,3,15,46,15,8,23,51,68,-17,53,English_L2_1819
19,20,Port Vale,23,7,3,13,23,5,10,8,46,12,13,21,39,55,-16,49,English_L2_1819
20,21,Cambridge United,23,7,7,9,23,5,4,14,46,12,11,23,40,66,-26,47,English_L2_1819
21,22,Macclesfield Town,23,5,11,7,23,5,3,15,46,10,14,22,48,74,-26,44,English_L2_1819
22,23,Notts County,23,5,9,9,23,4,5,14,46,9,14,23,48,84,-36,41,English_L2_1819
23,24,Yeovil Town,23,4,9,10,23,5,4,14,46,9,13,24,41,66,-25,40,English_L2_1819
0,1,Swindon Town,19,13,2,4,17,8,4,5,36,21,6,9,62,39,23,69,English_L2_1920
1,2,Crewe Alexandra,19,13,3,3,18,7,6,5,37,20,9,8,67,43,24,69,English_L2_1920
2,3,Plymouth Argyle,19,12,5,2,18,8,3,7,37,20,8,9,61,39,22,68,English_L2_1920
3,4,Cheltenham Town,18,11,5,2,18,6,8,4,36,17,13,6,52,27,25,64,English_L2_1920
4,5,Exeter City,18,10,7,1,19,8,4,7,37,18,11,8,53,43,10,65,English_L2_1920
5,6,Colchester United,18,9,5,4,19,6,8,5,37,15,13,9,52,37,15,58,English_L2_1920
6,7,Northampton Town,19,11,2,6,18,6,5,7,37,17,7,13,54,40,14,58,English_L2_1920
7,8,Port Vale,18,9,8,1,19,5,7,7,37,14,15,8,50,44,6,57,English_L2_1920
8,9,Bradford City,18,11,5,2,19,3,7,9,37,14,12,11,44,40,4,54,English_L2_1920
9,10,Forest Green Rovers,17,5,4,8,19,8,6,5,36,13,10,13,43,40,3,49,English_L2_1920
10,11,Salford City,19,5,6,8,18,8,5,5,37,13,11,13,49,46,3,50,English_L2_1920
11,12,Walsall,19,6,5,8,17,7,3,7,36,13,8,15,40,49,-9,47,English_L2_1920
12,13,Crawley Town,19,10,5,4,18,1,10,7,37,11,15,11,51,47,4,48,English_L2_1920
13,14,Newport County,19,9,7,3,17,3,3,11,36,12,10,14,32,39,-7,46,English_L2_1920
14,15,Grimsby Town,18,6,5,7,19,6,6,7,37,12,11,14,45,51,-6,47,English_L2_1920
15,16,Cambridge United,18,7,3,8,19,5,6,8,37,12,9,16,40,48,-8,45,English_L2_1920
16,17,Leyton Orient,19,5,8,6,17,5,4,8,36,10,12,14,47,55,-8,42,English_L2_1920
17,18,Carlisle United,19,5,7,7,18,5,5,8,37,10,12,15,39,56,-17,42,English_L2_1920
18,19,Oldham Athletic,18,6,7,5,19,3,7,9,37,9,14,14,44,57,-13,41,English_L2_1920
19,20,Scunthorpe United,19,6,6,7,18,4,4,10,37,10,10,17,44,56,-12,40,English_L2_1920
20,21,Mansfield Town,17,4,5,8,19,5,6,8,36,9,11,16,48,55,-7,38,English_L2_1920
21,22,Morecambe,18,4,8,6,19,3,3,13,37,7,11,19,35,60,-25,32,English_L2_1920
22,23,Stevenage,17,2,6,9,19,1,7,11,36,3,13,20,24,50,-26,22,English_L2_1920
23,24,Macclesfield Town (-17),18,5,9,4,19,2,6,11,37,7,15,15,32,47,-15,19,English_L2_1920
0,1,Cheltenham Town,23,13,5,5,23,11,5,7,46,24,10,12,61,39,22,82,English_L2_2021
1,2,Cambridge United,23,12,5,6,23,12,3,8,46,24,8,14,73,49,24,80,English_L2_2021
2,3,Bolton Wanderers,23,11,5,7,23,12,5,6,46,23,10,13,59,50,9,79,English_L2_2021
3,4,Morecambe,23,13,5,5,23,10,4,9,46,23,9,14,69,58,11,78,English_L2_2021
4,5,Newport County,23,13,5,5,23,7,8,8,46,20,13,13,57,42,15,73,English_L2_2021
5,6,Forest Green Rovers,23,10,7,6,23,10,6,7,46,20,13,13,59,51,8,73,English_L2_2021
6,7,Tranmere Rovers,23,11,5,7,23,9,8,6,46,20,13,13,55,50,5,73,English_L2_2021
7,8,Salford City,23,11,11,1,23,8,3,12,46,19,14,13,54,34,20,71,English_L2_2021
8,9,Exeter City,23,11,7,5,23,7,9,7,46,18,16,12,71,50,21,70,English_L2_2021
9,10,Carlisle United,23,12,5,6,23,6,7,10,46,18,12,16,60,51,9,66,English_L2_2021
10,11,Leyton Orient,23,9,7,7,23,8,3,12,46,17,10,19,53,55,-2,61,English_L2_2021
11,12,Crawley Town,23,10,6,7,23,6,7,10,46,16,13,17,56,62,-6,61,English_L2_2021
12,13,Port Vale,23,9,5,9,23,8,4,11,46,17,9,20,57,57,0,60,English_L2_2021
13,14,Stevenage,23,8,8,7,23,6,10,7,46,14,18,14,41,41,0,60,English_L2_2021
14,15,Bradford City,23,9,7,7,23,7,4,12,46,16,11,19,48,53,-5,59,English_L2_2021
15,16,Mansfield Town,23,6,10,7,23,7,9,7,46,13,19,14,57,55,2,58,English_L2_2021
16,17,Harrogate Town,23,8,5,10,23,8,4,11,46,16,9,21,52,61,-9,57,English_L2_2021
17,18,Oldham Athletic,23,6,2,15,23,9,7,7,46,15,9,22,72,81,-9,54,English_L2_2021
18,19,Walsall,23,7,6,10,23,4,14,5,46,11,20,15,45,53,-8,53,English_L2_2021
19,20,Colchester United,23,10,7,6,23,1,11,11,46,11,18,17,44,61,-17,51,English_L2_2021
20,21,Barrow,23,7,8,8,23,6,3,14,46,13,11,22,53,59,-6,50,English_L2_2021
21,22,Scunthorpe United,23,7,6,10,23,6,3,14,46,13,9,24,41,64,-23,48,English_L2_2021
22,23,Southend United,23,5,6,12,23,5,9,9,46,10,15,21,29,58,-29,45,English_L2_2021
23,24,Grimsby Town,23,5,8,10,23,5,5,13,46,10,13,23,37,69,-32,43,English_L2_2021
0,1,Forest Green Rovers,23,14,4,5,23,9,11,3,46,23,15,8,75,44,31,84,English_L2_2122
1,2,Exeter City,23,14,6,3,23,9,9,5,46,23,15,8,65,41,24,84,English_L2_2122
2,3,Bristol Rovers,23,14,4,5,23,9,7,7,46,23,11,12,71,49,22,80,English_L2_2122
3,4,Northampton Town,23,13,5,5,23,10,6,7,46,23,11,12,60,38,22,80,English_L2_2122
4,5,Port Vale,23,11,6,6,23,11,6,6,46,22,12,12,67,46,21,78,English_L2_2122
5,6,Swindon Town,23,9,7,7,23,13,4,6,46,22,11,13,77,54,23,77,English_L2_2122
6,7,Mansfield Town,23,15,4,4,23,7,7,9,46,22,11,13,67,52,15,77,English_L2_2122
7,8,Sutton United,23,14,5,4,23,8,5,10,46,22,10,14,69,53,16,76,English_L2_2122
8,9,Tranmere Rovers,23,16,3,4,23,5,9,9,46,21,12,13,53,40,13,75,English_L2_2122
9,10,Salford City,23,10,9,4,23,9,4,10,46,19,13,14,60,46,14,70,English_L2_2122
10,11,Newport County,23,9,6,8,23,10,6,7,46,19,12,15,67,58,9,69,English_L2_2122
11,12,Crawley Town,23,9,6,8,23,8,4,11,46,17,10,19,56,66,-10,61,English_L2_2122
12,13,Leyton Orient,23,9,5,9,23,5,11,7,46,14,16,16,62,47,15,58,English_L2_2122
13,14,Bradford City,23,6,10,7,23,8,6,9,46,14,16,16,53,55,-2,58,English_L2_2122
14,15,Colchester United,23,6,9,8,23,8,4,11,46,14,13,19,48,60,-12,55,English_L2_2122
15,16,Walsall,23,10,5,8,23,4,7,12,46,14,12,20,47,60,-13,54,English_L2_2122
16,17,Hartlepool United,23,9,7,7,23,5,5,13,46,14,12,20,44,64,-20,54,English_L2_2122
17,18,Rochdale,23,7,11,5,23,5,6,12,46,12,17,17,51,59,-8,53,English_L2_2122
18,19,Harrogate Town,23,6,7,10,23,8,4,11,46,14,11,21,64,75,-11,53,English_L2_2122
19,20,Carlisle United,23,8,7,8,23,6,4,13,46,14,11,21,39,62,-23,53,English_L2_2122
20,21,Stevenage,23,9,6,8,23,2,8,13,46,11,14,21,45,68,-23,47,English_L2_2122
21,22,Barrow,23,5,9,9,23,5,5,13,46,10,14,22,44,57,-13,44,English_L2_2122
22,23,Oldham Athletic,23,5,4,14,23,4,7,12,46,9,11,26,46,75,-29,38,English_L2_2122
23,24,Scunthorpe United,23,3,7,13,23,1,7,15,46,4,14,28,29,90,-61,26,English_L2_2122
0,1,Celtic,19,15,2,2,19,14,3,2,38,29,5,4,84,17,67,92,Scottish_PL_1415
1,2,Aberdeen,19,12,3,4,19,11,3,5,38,23,6,9,57,33,24,75,Scottish_PL_1415
2,3,Inverness Caledonian Thistle,19,10,6,3,19,9,2,8,38,19,8,11,52,42,10,65,Scottish_PL_1415
3,4,St Johnstone,19,8,5,6,19,8,4,7,38,16,9,13,34,34,0,57,Scottish_PL_1415
4,5,Dundee United,19,12,2,5,19,5,3,11,38,17,5,16,58,56,2,56,Scottish_PL_1415
5,6,Hamilton Academical,19,8,6,5,19,7,2,10,38,15,8,15,50,53,-3,53,Scottish_PL_1415
6,7,Partick Thistle,19,8,4,7,19,4,6,9,38,12,10,16,48,44,4,46,Scottish_PL_1415
7,8,Dundee,20,5,8,7,18,6,4,8,38,11,12,15,46,57,-11,45,Scottish_PL_1415
8,9,Ross County,19,7,0,12,19,5,8,6,38,12,8,18,46,63,-17,44,Scottish_PL_1415
9,10,Kilmarnock,18,7,1,10,20,4,7,9,38,11,8,19,44,59,-15,41,Scottish_PL_1415
10,11,Motherwell,19,7,5,7,19,3,1,15,38,10,6,22,38,63,-25,36,Scottish_PL_1415
11,12,St Mirren,19,3,2,14,19,6,1,12,38,9,3,26,30,66,-36,30,Scottish_PL_1415
0,1,Celtic,19,14,4,1,19,12,4,3,38,26,8,4,93,31,62,86,Scottish_PL_1516
1,2,Aberdeen,19,12,4,3,19,10,1,8,38,22,5,11,62,48,14,71,Scottish_PL_1516
2,3,Heart of Midlothian,19,11,5,3,19,7,6,6,38,18,11,9,59,40,19,65,Scottish_PL_1516
3,4,St Johnstone,19,8,6,5,19,8,2,9,38,16,8,14,58,55,3,56,Scottish_PL_1516
4,5,Motherwell,19,8,3,8,19,7,2,10,38,15,5,18,47,63,-16,50,Scottish_PL_1516
5,6,Ross County,19,9,0,10,19,5,6,8,38,14,6,18,55,61,-6,48,Scottish_PL_1516
6,7,Inverness Caledonian Thistle,19,7,5,7,19,7,5,7,38,14,10,14,54,48,6,52,Scottish_PL_1516
7,8,Dundee,19,7,7,5,19,4,8,7,38,11,15,12,53,57,-4,48,Scottish_PL_1516
8,9,Partick Thistle,19,6,4,9,19,6,6,7,38,12,10,16,41,50,-9,46,Scottish_PL_1516
9,10,Hamilton Academical,19,4,6,9,19,7,4,8,38,11,10,17,42,63,-21,43,Scottish_PL_1516
10,11,Kilmarnock,19,4,4,11,19,5,5,9,38,9,9,20,41,64,-23,36,Scottish_PL_1516
11,12,Dundee United (-3),19,3,4,12,19,5,3,11,38,8,7,23,45,70,-25,28,Scottish_PL_1516
0,1,Celtic,19,17,2,0,19,17,2,0,38,34,4,0,106,25,81,106,Scottish_PL_1617
1,2,Aberdeen,19,12,3,4,19,12,1,6,38,24,4,10,74,35,39,76,Scottish_PL_1617
2,3,Rangers,19,11,5,3,19,8,5,6,38,19,10,9,56,44,12,67,Scottish_PL_1617
3,4,St Johnstone,19,8,3,8,19,9,4,6,38,17,7,14,50,46,4,58,Scottish_PL_1617
4,5,Heart of Midlothian,19,9,5,5,19,3,5,11,38,12,10,16,55,52,3,46,Scottish_PL_1617
5,6,Partick Thistle,20,6,5,9,18,4,7,7,38,10,12,16,38,54,-16,42,Scottish_PL_1617
6,7,Ross County,18,6,5,7,20,5,8,7,38,11,13,14,48,58,-10,46,Scottish_PL_1617
7,8,Kilmarnock,19,4,7,8,19,5,7,7,38,9,14,15,36,56,-20,41,Scottish_PL_1617
8,9,Motherwell,19,5,3,11,19,5,5,9,38,10,8,20,46,69,-23,38,Scottish_PL_1617
9,10,Dundee,19,5,5,9,19,5,2,12,38,10,7,21,38,62,-24,37,Scottish_PL_1617
10,11,Hamilton Academical,19,6,7,6,19,1,7,11,38,7,14,17,37,56,-19,35,Scottish_PL_1617
11,12,Inverness Caledonian Thistle,19,5,8,6,19,2,5,12,38,7,13,18,44,71,-27,34,Scottish_PL_1617
0,1,Celtic,19,11,7,1,19,13,3,3,38,24,10,4,73,25,48,82,Scottish_PL_1718
1,2,Aberdeen,19,11,4,4,19,11,3,5,38,22,7,9,56,37,19,73,Scottish_PL_1718
2,3,Rangers,19,10,2,7,19,11,5,3,38,21,7,10,76,50,26,70,Scottish_PL_1718
3,4,Hibernian,19,11,4,4,19,7,9,3,38,18,13,7,62,46,16,67,Scottish_PL_1718
4,5,Kilmarnock,19,9,3,7,19,7,8,4,38,16,11,11,49,47,2,59,Scottish_PL_1718
5,6,Heart of Midlothian,18,8,7,3,20,4,6,10,38,12,13,13,39,39,0,49,Scottish_PL_1718
6,7,Motherwell,20,8,5,7,18,5,4,9,38,13,9,16,43,49,-6,48,Scottish_PL_1718
7,8,St Johnstone,19,5,7,7,19,7,3,9,38,12,10,16,42,53,-11,46,Scottish_PL_1718
8,9,Dundee,19,6,3,10,19,5,3,11,38,11,6,21,36,57,-21,39,Scottish_PL_1718
9,10,Hamilton Academical,19,5,3,11,19,4,3,12,38,9,6,23,47,68,-21,33,Scottish_PL_1718
10,11,Partick Thistle,19,6,4,9,19,2,5,12,38,8,9,21,31,61,-30,33,Scottish_PL_1718
11,12,Ross County,19,3,7,9,19,3,4,12,38,6,11,21,40,62,-22,29,Scottish_PL_1718
0,1,Celtic,19,17,2,0,19,10,4,5,38,27,6,5,77,20,57,87,Scottish_PL_1819
1,2,Rangers,19,14,4,1,19,9,5,5,38,23,9,6,82,27,55,78,Scottish_PL_1819
2,3,Kilmarnock,19,12,2,5,19,7,8,4,38,19,10,9,50,31,19,67,Scottish_PL_1819
3,4,Aberdeen,19,9,4,6,19,11,3,5,38,20,7,11,57,44,13,67,Scottish_PL_1819
4,5,Hibernian,19,6,9,4,19,8,3,8,38,14,12,12,51,39,12,54,Scottish_PL_1819
5,6,Heart of Midlothian,19,8,4,7,19,7,2,10,38,15,6,17,42,50,-8,51,Scottish_PL_1819
6,7,St Johnstone,19,8,5,6,19,7,2,10,38,15,7,16,38,48,-10,52,Scottish_PL_1819
7,8,Motherwell,19,9,4,6,19,6,2,11,38,15,6,17,46,56,-10,51,Scottish_PL_1819
8,9,Livingston,19,10,2,7,19,1,9,9,38,11,11,16,42,44,-2,44,Scottish_PL_1819
9,10,Hamilton Academical,19,5,5,9,19,4,1,14,38,9,6,23,28,75,-47,33,Scottish_PL_1819
10,11,St Mirren,19,5,2,12,19,3,6,10,38,8,8,22,34,66,-32,32,Scottish_PL_1819
11,12,Dundee,19,1,4,14,19,4,2,13,38,5,6,27,31,78,-47,21,Scottish_PL_1819
0,1,Celtic,15,14,0,1,15,12,2,1,30,26,2,2,89,19,70,80,Scottish_PL_1920
1,2,Rangers,14,11,1,2,15,10,3,2,29,21,4,4,64,19,45,67,Scottish_PL_1920
2,3,Motherwell,15,7,1,7,15,7,3,5,30,14,4,12,41,38,3,46,Scottish_PL_1920
3,4,Aberdeen,15,7,3,5,15,5,6,4,30,12,9,9,40,36,4,45,Scottish_PL_1920
4,5,Livingston,14,8,4,2,16,2,5,9,30,10,9,11,41,39,2,39,Scottish_PL_1920
5,6,Hibernian,15,5,7,3,15,4,3,8,30,9,10,11,42,49,-7,37,Scottish_PL_1920
6,7,St Johnstone,16,5,6,5,13,3,6,4,29,8,12,9,28,46,-18,36,Scottish_PL_1920
7,8,Kilmarnock,15,6,5,4,15,3,1,11,30,9,6,15,31,41,-10,33,Scottish_PL_1920
8,9,St Mirren,15,5,6,4,15,2,2,11,30,7,8,15,24,41,-17,29,Scottish_PL_1920
9,10,Ross County,14,5,3,6,16,2,5,9,30,7,8,15,29,60,-31,29,Scottish_PL_1920
10,11,Hamilton Academical,16,4,3,9,14,2,6,6,30,6,9,15,30,50,-20,27,Scottish_PL_1920
11,12,Heart of Midlothian,15,2,7,6,15,2,4,9,30,4,11,15,31,52,-21,23,Scottish_PL_1920
0,1,Rangers,19,19,0,0,19,13,6,0,38,32,6,0,92,13,79,102,Scottish_PL_2021
1,2,Celtic,19,13,4,2,19,9,7,3,38,22,11,5,78,29,49,77,Scottish_PL_2021
2,3,Hibernian,19,7,6,6,19,11,3,5,38,18,9,11,48,35,13,63,Scottish_PL_2021
3,4,Aberdeen,19,9,5,5,19,6,6,7,38,15,11,12,36,38,-2,56,Scottish_PL_2021
4,5,St Mirren,19,4,8,7,19,7,4,8,38,11,12,15,37,45,-8,45,Scottish_PL_2021
5,6,St Johnstone,19,5,6,8,19,6,6,7,38,11,12,15,36,46,-10,45,Scottish_PL_2021
6,7,Livingston,19,6,4,9,19,6,5,8,38,12,9,17,42,54,-12,45,Scottish_PL_2021
7,8,Motherwell,19,6,3,10,19,6,6,7,38,12,9,17,39,55,-16,45,Scottish_PL_2021
8,9,Dundee United,19,6,6,7,19,4,8,7,38,10,14,14,32,50,-18,44,Scottish_PL_2021
9,10,Ross County,19,5,4,10,19,6,2,11,38,11,6,21,35,66,-31,39,Scottish_PL_2021
10,11,Kilmarnock,19,6,5,8,19,4,1,14,38,10,6,22,43,54,-11,36,Scottish_PL_2021
11,12,Hamilton Academical,19,2,6,11,19,5,3,11,38,7,9,22,34,67,-33,30,Scottish_PL_2021
0,1,Celtic,19,16,3,0,19,13,3,3,38,29,6,3,92,22,70,93,Scottish_PL_2122
1,2,Rangers,19,14,4,1,19,13,4,2,38,27,8,3,80,31,49,89,Scottish_PL_2122
2,3,Heart of Midlothian,19,11,4,4,19,6,6,7,38,17,10,11,54,44,10,61,Scottish_PL_2122
3,4,Dundee United,19,8,4,7,19,4,8,7,38,12,12,14,37,44,-7,48,Scottish_PL_2122
4,5,Motherwell,19,9,4,6,19,3,6,10,38,12,10,16,42,61,-19,46,Scottish_PL_2122
5,6,Ross County,19,5,7,7,19,5,4,10,38,10,11,17,47,61,-14,41,Scottish_PL_2122
6,7,Livingston,19,7,5,7,19,6,5,8,38,13,10,15,41,46,-5,49,Scottish_PL_2122
7,8,Hibernian,19,7,7,5,19,4,5,10,38,11,12,15,38,42,-4,45,Scottish_PL_2122
8,9,St Mirren,19,4,8,7,19,6,6,7,38,10,14,14,33,51,-18,44,Scottish_PL_2122
9,10,Aberdeen,19,8,5,6,19,2,6,11,38,10,11,17,41,46,-5,41,Scottish_PL_2122
10,11,St Johnstone,19,5,5,9,19,3,6,10,38,8,11,19,24,51,-27,35,Scottish_PL_2122
11,12,Dundee,19,4,7,8,19,2,4,13,38,6,11,21,34,64,-30,29,Scottish_PL_2122
0,1,Bayern Munich,17,13,2,2,17,13,2,2,34,26,4,4,100,32,68,82,German_Bundesliga_1920
1,2,Borussia Dortmund,17,11,3,3,17,10,3,4,34,21,6,7,84,41,43,69,German_Bundesliga_1920
2,3,RB Leipzig,17,7,8,2,17,11,4,2,34,18,12,4,81,37,44,66,German_Bundesliga_1920
3,4,Borussia Mönchengladbach,17,12,2,3,17,8,3,6,34,20,5,9,66,40,26,65,German_Bundesliga_1920
4,5,Bayer 04 Leverkusen,17,9,4,4,17,10,2,5,34,19,6,9,61,44,17,63,German_Bundesliga_1920
5,6,1899 Hoffenheim,17,7,1,9,17,8,6,3,34,15,7,12,53,53,0,52,German_Bundesliga_1920
6,7,VfL Wolfsburg,17,4,7,6,17,9,3,5,34,13,10,11,48,46,2,49,German_Bundesliga_1920
7,8,SC Freiburg,17,9,2,6,17,4,7,6,34,13,9,12,48,47,1,48,German_Bundesliga_1920
8,9,Eintracht Frankfurt,17,8,4,5,17,5,2,10,34,13,6,15,59,60,-1,45,German_Bundesliga_1920
9,10,Hertha Berlin,17,6,3,8,17,5,5,7,34,11,8,15,48,59,-11,41,German_Bundesliga_1920
10,11,1. FC Union Berlin,17,8,3,6,17,4,2,11,34,12,5,17,41,58,-17,41,German_Bundesliga_1920
11,12,FC Schalke 04,17,5,7,5,17,4,5,8,34,9,12,13,38,58,-20,39,German_Bundesliga_1920
12,13,Mainz 05,17,5,2,10,17,6,2,9,34,11,4,19,44,65,-21,37,German_Bundesliga_1920
13,14,1. FC Köln,17,6,4,7,17,4,2,11,34,10,6,18,51,69,-18,36,German_Bundesliga_1920
14,15,FC Augsburg,17,5,5,7,17,4,4,9,34,9,9,16,45,63,-18,36,German_Bundesliga_1920
15,16,Werder Bremen,17,2,3,12,17,6,4,7,34,8,7,19,42,69,-27,31,German_Bundesliga_1920
16,17,Fortuna Düsseldorf,17,4,6,7,17,2,6,9,34,6,12,16,36,67,-31,30,German_Bundesliga_1920
17,18,SC Paderborn 07,17,2,2,13,17,2,6,9,34,4,8,22,37,74,-37,20,German_Bundesliga_1920
0,1,Bayern Munich,17,13,4,0,17,11,2,4,34,24,6,4,99,44,55,78,German_Bundesliga_2021
1,2,RB Leipzig,17,11,4,2,17,8,4,5,34,19,8,7,60,32,28,65,German_Bundesliga_2021
2,3,Borussia Dortmund,17,11,2,4,17,9,2,6,34,20,4,10,75,46,29,64,German_Bundesliga_2021
3,4,VfL Wolfsburg,17,10,4,3,17,7,6,4,34,17,10,7,61,37,24,61,German_Bundesliga_2021
4,5,Eintracht Frankfurt,17,10,7,0,17,6,5,6,34,16,12,6,69,53,16,60,German_Bundesliga_2021
5,6,Bayer 04 Leverkusen,17,8,5,4,17,6,5,6,34,14,10,10,53,39,14,52,German_Bundesliga_2021
6,7,1. FC Union Berlin,17,8,8,1,17,4,6,7,34,12,14,8,50,43,7,50,German_Bundesliga_2021
7,8,Borussia Mönchengladbach,17,8,4,5,17,5,6,6,34,13,10,11,64,56,8,49,German_Bundesliga_2021
8,9,VfB Stuttgart,17,5,6,6,17,7,3,7,34,12,9,13,56,55,1,45,German_Bundesliga_2021
9,10,SC Freiburg,17,7,6,4,17,5,3,9,34,12,9,13,52,52,0,45,German_Bundesliga_2021
10,11,1899 Hoffenheim,17,8,3,6,17,3,7,7,34,11,10,13,52,54,-2,43,German_Bundesliga_2021
11,12,Mainz 05,17,4,4,9,17,6,5,6,34,10,9,15,39,56,-17,39,German_Bundesliga_2021
12,13,FC Augsburg,17,6,4,7,17,4,2,11,34,10,6,18,36,54,-18,36,German_Bundesliga_2021
13,14,Hertha Berlin,17,5,5,7,17,3,6,8,34,8,11,15,41,52,-11,35,German_Bundesliga_2021
14,15,Arminia Bielefeld,17,6,2,9,17,3,6,8,34,9,8,17,26,52,-26,35,German_Bundesliga_2021
15,16,1. FC Köln,17,3,5,9,17,5,4,8,34,8,9,17,34,60,-26,33,German_Bundesliga_2021
16,17,Werder Bremen,17,3,5,9,17,4,5,8,34,7,10,17,36,57,-21,31,German_Bundesliga_2021
17,18,FC Schalke 04,17,3,3,11,17,0,4,13,34,3,7,24,25,86,-61,16,German_Bundesliga_2021
0,1,Bayern Munich,17,13,2,2,17,11,3,3,34,24,5,5,97,37,60,77,German_Bundesliga_2122
1,2,Borussia Dortmund,17,13,0,4,17,9,3,5,34,22,3,9,85,52,33,69,German_Bundesliga_2122
2,3,Bayer 04 Leverkusen,17,10,2,5,17,9,5,3,34,19,7,8,80,47,33,64,German_Bundesliga_2122
3,4,RB Leipzig,17,11,2,4,17,6,5,6,34,17,7,10,72,37,35,58,German_Bundesliga_2122
4,5,1. FC Union Berlin,17,10,5,2,17,6,4,7,34,16,9,9,50,44,6,57,German_Bundesliga_2122
5,6,SC Freiburg,17,8,5,4,17,7,5,5,34,15,10,9,58,46,12,55,German_Bundesliga_2122
6,7,1. FC Köln,17,9,4,4,17,5,6,6,34,14,10,10,52,49,3,52,German_Bundesliga_2122
7,8,Mainz 05,17,10,5,2,17,3,2,12,34,13,7,14,50,45,5,46,German_Bundesliga_2122
8,9,1899 Hoffenheim,17,8,4,5,17,5,3,9,34,13,7,14,58,60,-2,46,German_Bundesliga_2122
9,10,Borussia Mönchengladbach,17,8,4,5,17,4,5,8,34,12,9,13,54,61,-7,45,German_Bundesliga_2122
10,11,Eintracht Frankfurt,17,4,7,6,17,6,5,6,34,10,12,12,45,49,-4,42,German_Bundesliga_2122
11,12,VfL Wolfsburg,17,7,3,7,17,5,3,9,34,12,6,16,43,54,-11,42,German_Bundesliga_2122
12,13,VfL Bochum,17,8,4,5,17,4,2,11,34,12,6,16,38,52,-14,42,German_Bundesliga_2122
13,14,FC Augsburg,17,7,4,6,17,3,4,10,34,10,8,16,39,56,-17,38,German_Bundesliga_2122
14,15,VfB Stuttgart,17,6,4,7,17,1,8,8,34,7,12,15,41,59,-18,33,German_Bundesliga_2122
15,16,Hertha Berlin,17,6,3,8,17,3,3,11,34,9,6,19,37,71,-34,33,German_Bundesliga_2122
16,17,Arminia Bielefeld,17,2,10,5,17,3,3,11,34,5,13,16,27,53,-26,28,German_Bundesliga_2122
17,18,Greuther Fürth,17,3,5,9,17,0,4,13,34,3,9,22,28,82,-54,18,German_Bundesliga_2122
0,1,Real Madrid,19,15,4,0,19,11,5,3,38,26,9,3,70,25,45,87,Spanish_La_Liga_1920
1,2,Barcelona,19,16,2,1,19,9,5,5,38,25,7,6,86,38,48,82,Spanish_La_Liga_1920
2,3,Atlético Madrid,19,12,6,1,19,6,10,3,38,18,16,4,51,27,24,70,Spanish_La_Liga_1920
3,4,Sevilla,19,10,7,2,19,9,6,4,38,19,13,6,54,34,20,70,Spanish_La_Liga_1920
4,5,Villarreal,19,9,5,5,19,9,1,9,38,18,6,14,63,49,14,60,Spanish_La_Liga_1920
5,6,Real Sociedad,19,9,4,6,19,7,4,8,38,16,8,14,56,48,8,56,Spanish_La_Liga_1920
6,7,Granada,19,10,3,6,19,6,5,8,38,16,8,14,52,45,7,56,Spanish_La_Liga_1920
7,8,Getafe,19,8,6,5,19,6,6,7,38,14,12,12,43,37,6,54,Spanish_La_Liga_1920
8,9,Valencia,19,11,7,1,19,3,4,12,38,14,11,13,46,53,-7,53,Spanish_La_Liga_1920
9,10,Osasuna,19,7,7,5,19,6,6,7,38,13,13,12,46,54,-8,52,Spanish_La_Liga_1920
10,11,Athletic Bilbao,19,9,4,6,19,4,8,7,38,13,12,13,41,38,3,51,Spanish_La_Liga_1920
11,12,Levante,19,9,5,5,19,5,2,12,38,14,7,17,47,53,-6,49,Spanish_La_Liga_1920
12,13,Real Valladolid,19,5,10,4,19,4,5,10,38,9,15,14,32,43,-11,42,Spanish_La_Liga_1920
13,14,Eibar,19,8,3,8,19,3,6,10,38,11,9,18,39,56,-17,42,Spanish_La_Liga_1920
14,15,Real Betis,19,9,4,6,19,1,7,11,38,10,11,17,48,60,-12,41,Spanish_La_Liga_1920
15,16,Alavés,19,7,6,6,19,3,3,13,38,10,9,19,34,59,-25,39,Spanish_La_Liga_1920
16,17,Celta Vigo,19,5,8,6,19,2,8,9,38,7,16,15,37,49,-12,37,Spanish_La_Liga_1920
17,18,Leganés,19,5,5,9,19,3,7,9,38,8,12,18,30,51,-21,36,Spanish_La_Liga_1920
18,19,Mallorca,19,8,3,8,19,1,3,15,38,9,6,23,40,65,-25,33,Spanish_La_Liga_1920
19,20,Espanyol,19,2,6,11,19,3,4,12,38,5,10,23,27,58,-31,25,Spanish_La_Liga_1920
0,1,Atlético Madrid,19,15,3,1,19,11,5,3,38,26,8,4,67,25,42,86,Spanish_La_Liga_2021
1,2,Real Madrid,19,13,3,3,19,12,6,1,38,25,9,4,67,28,39,84,Spanish_La_Liga_2021
2,3,Barcelona,19,11,5,3,19,13,2,4,38,24,7,7,85,38,47,79,Spanish_La_Liga_2021
3,4,Sevilla,19,14,1,4,19,10,4,5,38,24,5,9,53,33,20,77,Spanish_La_Liga_2021
4,5,Real Sociedad,19,9,6,4,19,8,5,6,38,17,11,10,59,38,21,62,Spanish_La_Liga_2021
5,6,Real Betis,19,10,5,4,19,7,5,7,38,17,10,11,50,50,0,61,Spanish_La_Liga_2021
6,7,Villarreal,19,8,6,5,19,7,7,5,38,15,13,10,60,44,16,58,Spanish_La_Liga_2021
7,8,Celta Vigo,19,9,3,7,19,5,8,6,38,14,11,13,55,57,-2,53,Spanish_La_Liga_2021
8,9,Granada,19,9,4,6,19,4,3,12,38,13,7,18,47,65,-18,46,Spanish_La_Liga_2021
9,10,Athletic Bilbao,19,8,6,5,19,3,7,9,38,11,13,14,46,42,4,46,Spanish_La_Liga_2021
10,11,Osasuna,19,7,5,7,19,4,6,9,38,11,11,16,37,48,-11,44,Spanish_La_Liga_2021
11,12,Cádiz,19,5,5,9,19,6,6,7,38,11,11,16,36,58,-22,44,Spanish_La_Liga_2021
12,13,Valencia,19,8,7,4,19,2,6,11,38,10,13,15,50,53,-3,43,Spanish_La_Liga_2021
13,14,Levante,19,5,9,5,19,4,5,10,38,9,14,15,46,57,-11,41,Spanish_La_Liga_2021
14,15,Getafe,19,6,6,7,19,3,5,11,38,9,11,18,28,43,-15,38,Spanish_La_Liga_2021
15,16,Alavés,19,6,6,7,19,3,5,11,38,9,11,18,36,57,-21,38,Spanish_La_Liga_2021
16,17,Elche,19,5,8,6,19,3,4,12,38,8,12,18,34,55,-21,36,Spanish_La_Liga_2021
17,18,Huesca,19,5,7,7,19,2,6,11,38,7,13,18,34,53,-19,34,Spanish_La_Liga_2021
18,19,Real Valladolid,19,3,7,9,19,2,9,8,38,5,16,17,34,57,-23,31,Spanish_La_Liga_2021
19,20,Eibar,19,2,7,10,19,4,5,10,38,6,12,20,29,52,-23,30,Spanish_La_Liga_2021
0,1,Real Madrid,19,13,5,1,19,13,3,3,38,26,8,4,80,31,49,86,Spanish_La_Liga_2122
1,2,Barcelona,19,12,2,5,19,9,8,2,38,21,10,7,68,38,30,73,Spanish_La_Liga_2122
2,3,Atlético Madrid,19,12,5,2,19,9,3,7,38,21,8,9,65,43,22,71,Spanish_La_Liga_2122
3,4,Sevilla,19,12,6,1,19,6,10,3,38,18,16,4,53,30,23,70,Spanish_La_Liga_2122
4,5,Real Betis,19,10,2,7,19,9,6,4,38,19,8,11,62,40,22,65,Spanish_La_Liga_2122
5,6,Real Sociedad,19,10,5,4,19,7,6,6,38,17,11,10,40,37,3,62,Spanish_La_Liga_2122
6,7,Villarreal,19,10,6,3,19,6,5,8,38,16,11,11,63,37,26,59,Spanish_La_Liga_2122
7,8,Athletic Bilbao,19,10,4,5,19,4,9,6,38,14,13,11,43,36,7,55,Spanish_La_Liga_2122
8,9,Valencia,19,6,8,5,19,5,7,7,38,11,15,12,48,53,-5,48,Spanish_La_Liga_2122
9,10,Osasuna,19,5,7,7,19,7,4,8,38,12,11,15,37,51,-14,47,Spanish_La_Liga_2122
10,11,Celta Vigo,19,7,4,8,19,5,6,8,38,12,10,16,43,43,0,46,Spanish_La_Liga_2122
11,12,Rayo Vallecano,19,8,5,6,19,3,4,12,38,11,9,18,39,50,-11,42,Spanish_La_Liga_2122
12,13,Elche,19,7,6,6,19,4,3,12,38,11,9,18,40,52,-12,42,Spanish_La_Liga_2122
13,14,Espanyol,19,9,6,4,19,1,6,12,38,10,12,16,40,53,-13,42,Spanish_La_Liga_2122
14,15,Getafe,19,7,7,5,19,1,8,10,38,8,15,15,33,41,-8,39,Spanish_La_Liga_2122
15,16,Mallorca,19,7,6,6,19,3,3,13,38,10,9,19,36,63,-27,39,Spanish_La_Liga_2122
16,17,Cádiz,19,3,9,7,19,5,6,8,38,8,15,15,35,51,-16,39,Spanish_La_Liga_2122
17,18,Granada,19,5,7,7,19,3,7,9,38,8,14,16,44,61,-17,38,Spanish_La_Liga_2122
18,19,Levante,19,5,7,7,19,3,4,12,38,8,11,19,51,76,-25,35,Spanish_La_Liga_2122
19,20,Alavés,19,7,4,8,19,1,3,15,38,8,7,23,31,65,-34,31,Spanish_La_Liga_2122
0,1,Club Brugge,16,12,3,1,14,9,4,1,30,21,7,2,58,15,43,70,Belgium_FD_1920
1,2,Sporting de Charleroi,14,10,2,2,16,6,7,3,30,16,9,5,50,23,27,57,Belgium_FD_1920
2,3,KAA Gent,15,11,3,1,14,5,4,5,29,16,7,6,59,34,25,55,Belgium_FD_1920
3,4,Royal Antwerp,14,10,4,0,15,5,4,6,29,15,8,6,49,32,17,53,Belgium_FD_1920
4,5,Standard Liège,16,10,4,2,14,5,3,6,30,15,7,8,48,32,16,52,Belgium_FD_1920
5,6,Mechelen,15,6,4,5,14,7,1,6,29,13,5,11,46,43,3,44,Belgium_FD_1920
6,7,KRC Genk,14,8,1,5,15,5,4,6,29,13,5,11,45,42,3,44,Belgium_FD_1920
7,8,RSC Anderlecht,15,7,5,3,14,4,5,5,29,11,10,8,45,29,16,43,Belgium_FD_1920
8,9,Royal Excel Mouscron,15,6,5,4,14,3,4,7,29,9,9,11,38,40,-2,36,Belgium_FD_1920
9,10,SV Zulte Waregem,14,7,2,5,15,3,4,8,29,10,6,13,41,49,-8,36,Belgium_FD_1920
10,11,KV Kortrijk,15,5,3,7,14,4,3,7,29,9,6,14,40,44,-4,33,Belgium_FD_1920
11,12,Sint-Truidense VV,14,4,5,5,15,5,1,9,29,9,6,14,33,50,-17,33,Belgium_FD_1920
12,13,KAS Eupen,14,4,4,6,15,4,2,9,29,8,6,15,28,51,-23,30,Belgium_FD_1920
13,14,Cercle Brugge,14,5,1,8,16,2,1,13,30,7,2,21,27,55,-28,23,Belgium_FD_1920
14,15,KV Oostende,15,5,3,7,14,1,1,12,29,6,4,19,29,58,-29,22,Belgium_FD_1920
15,16,Waasland-Beveren,14,3,2,9,15,2,3,10,29,5,5,19,21,60,-39,20,Belgium_FD_1920
0,1,Club Brugge,17,12,1,4,17,12,3,2,34,24,4,6,73,26,47,76,Belgium_FD_2021
1,2,Royal Antwerp,17,9,4,4,17,9,2,6,34,18,6,10,57,48,9,60,Belgium_FD_2021
2,3,RSC Anderlecht,17,9,7,1,17,6,6,5,34,15,13,6,51,34,17,58,Belgium_FD_2021
3,4,KRC Genk,17,9,5,3,17,7,3,7,34,16,8,10,67,48,19,56,Belgium_FD_2021
4,5,KV Oostende,17,9,5,3,17,6,3,8,34,15,8,11,49,41,8,53,Belgium_FD_2021
5,6,Standard Liège,17,7,7,3,17,6,4,7,34,13,11,10,52,41,11,50,Belgium_FD_2021
6,7,KAA Gent,17,8,3,6,17,6,4,7,34,14,7,13,55,42,13,49,Belgium_FD_2021
7,8,Mechelen,17,5,5,7,17,8,4,5,34,13,9,12,54,54,0,48,Belgium_FD_2021
8,9,Germinal Beerschot,17,7,4,6,17,7,1,9,34,14,5,15,58,64,-6,47,Belgium_FD_2021
9,10,SV Zulte Waregem,17,6,2,9,17,8,2,7,34,14,4,16,53,69,-16,46,Belgium_FD_2021
10,11,Oud-Heverlee Leuven,17,8,2,7,17,4,7,6,34,12,9,13,54,59,-5,45,Belgium_FD_2021
11,12,KAS Eupen,17,5,6,6,17,5,7,5,34,10,13,11,44,55,-11,43,Belgium_FD_2021
12,13,Sporting de Charleroi,17,5,6,6,17,6,3,8,34,11,9,14,46,49,-3,42,Belgium_FD_2021
13,14,KV Kortrijk,17,5,2,10,17,6,4,7,34,11,6,17,44,57,-13,39,Belgium_FD_2021
14,15,Sint-Truidense VV,17,6,3,8,17,4,5,8,34,10,8,16,41,52,-11,38,Belgium_FD_2021
15,16,Cercle Brugge,17,6,1,10,17,5,2,10,34,11,3,20,40,51,-11,36,Belgium_FD_2021
16,17,Waasland-Beveren,17,3,2,12,17,5,5,7,34,8,7,19,44,70,-26,31,Belgium_FD_2021
17,18,Royal Excel Mouscron,17,4,5,8,17,3,5,9,34,7,10,17,32,54,-22,31,Belgium_FD_2021
0,1,Union Saint-Gilloise,17,10,3,4,17,14,2,1,34,24,5,5,78,27,51,77,Belgium_FD_2122
1,2,Club Brugge,17,10,6,1,17,11,3,3,34,21,9,4,72,37,35,72,Belgium_FD_2122
2,3,RSC Anderlecht,17,10,5,2,17,8,5,4,34,18,10,6,72,36,36,64,Belgium_FD_2122
3,4,Royal Antwerp,17,9,4,4,17,10,2,5,34,19,6,9,55,38,17,63,Belgium_FD_2122
4,5,KAA Gent,17,11,3,3,17,7,5,5,34,18,8,8,56,30,26,62,Belgium_FD_2122
5,6,Sporting de Charleroi,17,7,5,5,17,8,4,5,34,15,9,10,55,46,9,54,Belgium_FD_2122
6,7,Mechelen,17,10,4,3,17,5,3,9,34,15,7,12,57,61,-4,52,Belgium_FD_2122
7,8,KRC Genk,17,10,3,4,17,5,3,9,34,15,6,13,66,47,19,51,Belgium_FD_2122
8,9,Sint-Truidense VV,17,7,3,7,17,8,3,6,34,15,6,13,42,40,2,51,Belgium_FD_2122
9,10,Cercle Brugge,17,6,4,7,17,6,5,6,34,12,9,13,49,46,3,45,Belgium_FD_2122
10,11,Oud-Heverlee Leuven,17,7,4,6,17,3,7,7,34,10,11,13,47,58,-11,41,Belgium_FD_2122
11,12,KV Oostende,17,5,3,9,17,5,4,8,34,10,7,17,34,61,-27,37,Belgium_FD_2122
12,13,KV Kortrijk,17,5,4,8,17,4,6,7,34,9,10,15,43,48,-5,37,Belgium_FD_2122
13,14,Standard Liège,17,3,5,9,17,6,4,7,34,9,9,16,32,51,-19,36,Belgium_FD_2122
14,15,KAS Eupen,17,4,4,9,17,4,4,9,34,8,8,18,37,61,-24,32,Belgium_FD_2122
15,16,SV Zulte Waregem,17,5,4,8,17,3,4,10,34,8,8,18,42,69,-27,32,Belgium_FD_2122
16,17,Seraing,17,5,3,9,17,3,1,13,34,8,4,22,30,68,-38,28,Belgium_FD_2122
17,18,Germinal Beerschot,17,4,1,12,17,0,3,14,34,4,4,26,33,76,-43,16,Belgium_FD_2122
0,1,Ajax,13,11,0,2,12,7,2,3,25,18,2,5,68,23,45,56,Dutch_Eredivisie_1920
1,2,AZ Alkmaar,13,10,1,2,12,8,1,3,25,18,2,5,54,17,37,56,Dutch_Eredivisie_1920
2,3,Feyenoord,13,9,3,1,12,5,5,2,25,14,8,3,50,35,15,50,Dutch_Eredivisie_1920
3,4,PSV Eindhoven,12,8,3,1,14,6,4,4,26,14,7,5,54,28,26,49,Dutch_Eredivisie_1920
4,5,Willem II,13,7,4,2,13,6,1,6,26,13,5,8,37,34,3,44,Dutch_Eredivisie_1920
5,6,FC Utrecht,12,8,0,4,13,4,5,4,25,12,5,8,50,34,16,41,Dutch_Eredivisie_1920
6,7,Vitesse,13,7,3,3,13,5,2,6,26,12,5,9,45,35,10,41,Dutch_Eredivisie_1920
7,8,Heracles Almelo,13,8,1,4,13,2,5,6,26,10,6,10,40,34,6,36,Dutch_Eredivisie_1920
8,9,FC Groningen,13,7,1,5,13,3,4,6,26,10,5,11,27,26,1,35,Dutch_Eredivisie_1920
9,10,sc Heerenveen,14,3,8,3,12,5,1,6,26,8,9,9,41,41,0,33,Dutch_Eredivisie_1920
10,11,Sparta Rotterdam,13,7,3,3,13,2,3,8,26,9,6,11,41,45,-4,33,Dutch_Eredivisie_1920
11,12,FC Emmen,13,9,2,2,13,0,3,10,26,9,5,12,32,45,-13,32,Dutch_Eredivisie_1920
12,13,VVV Venlo,13,5,3,5,13,3,1,9,26,8,4,14,24,51,-27,28,Dutch_Eredivisie_1920
13,14,FC Twente,13,5,3,5,13,2,3,8,26,7,6,13,34,46,-12,27,Dutch_Eredivisie_1920
14,15,PEC Zwolle,12,5,2,5,14,2,3,9,26,7,5,14,37,55,-18,26,Dutch_Eredivisie_1920
15,16,Fortuna Sittard,13,6,4,3,13,0,4,9,26,6,8,12,29,52,-23,26,Dutch_Eredivisie_1920
16,17,ADO Den Haag,13,2,6,5,13,2,1,10,26,4,7,15,25,54,-29,19,Dutch_Eredivisie_1920
17,18,RKC Waalwijk,13,3,2,8,13,1,1,11,26,4,3,19,27,60,-33,15,Dutch_Eredivisie_1920
0,1,Ajax,17,14,2,1,17,14,2,1,34,28,4,2,102,23,79,88,Dutch_Eredivisie_2021
1,2,PSV Eindhoven,17,13,3,1,17,8,6,3,34,21,9,4,74,35,39,72,Dutch_Eredivisie_2021
2,3,AZ Alkmaar,17,12,2,3,17,9,6,2,34,21,8,5,75,41,34,71,Dutch_Eredivisie_2021
3,4,Vitesse,17,11,4,2,17,7,3,7,34,18,7,9,52,38,14,61,Dutch_Eredivisie_2021
4,5,Feyenoord,17,9,6,2,17,7,5,5,34,16,11,7,64,36,28,59,Dutch_Eredivisie_2021
5,6,FC Utrecht,17,6,7,4,17,7,7,3,34,13,14,7,52,41,11,53,Dutch_Eredivisie_2021
6,7,FC Groningen,17,7,6,4,17,7,2,8,34,14,8,12,40,37,3,50,Dutch_Eredivisie_2021
7,8,Sparta Rotterdam,17,6,4,7,17,7,4,6,34,13,8,13,49,48,1,47,Dutch_Eredivisie_2021
8,9,Heracles Almelo,17,8,4,5,17,4,4,9,34,12,8,14,42,53,-11,44,Dutch_Eredivisie_2021
9,10,FC Twente,17,4,6,7,17,6,5,6,34,10,11,13,48,50,-2,41,Dutch_Eredivisie_2021
10,11,Fortuna Sittard,17,5,3,9,17,7,2,8,34,12,5,17,50,58,-8,41,Dutch_Eredivisie_2021
11,12,sc Heerenveen,17,6,5,6,17,3,7,7,34,9,12,13,43,49,-6,39,Dutch_Eredivisie_2021
12,13,PEC Zwolle,17,6,6,5,17,3,5,9,34,9,11,14,44,53,-9,38,Dutch_Eredivisie_2021
13,14,Willem II,17,6,2,9,17,2,5,10,34,8,7,19,40,68,-28,31,Dutch_Eredivisie_2021
14,15,RKC Waalwijk,17,5,4,8,17,2,5,10,34,7,9,18,33,55,-22,30,Dutch_Eredivisie_2021
15,16,FC Emmen,17,4,4,9,17,3,5,9,34,7,9,18,40,68,-28,30,Dutch_Eredivisie_2021
16,17,VVV Venlo,17,3,4,10,17,3,1,13,34,6,5,23,43,91,-48,23,Dutch_Eredivisie_2021
17,18,ADO Den Haag,17,1,6,10,17,3,4,10,34,4,10,20,29,76,-47,22,Dutch_Eredivisie_2021
0,1,Ajax,17,14,1,2,17,12,4,1,34,26,5,3,98,19,79,83,Dutch_Eredivisie_2122
1,2,PSV Eindhoven,17,14,0,3,17,12,3,2,34,26,3,5,86,42,44,81,Dutch_Eredivisie_2122
2,3,Feyenoord,17,11,3,3,17,11,2,4,34,22,5,7,76,34,42,71,Dutch_Eredivisie_2122
3,4,FC Twente,17,10,5,2,17,10,3,4,34,20,8,6,55,37,18,68,Dutch_Eredivisie_2122
4,5,AZ Alkmaar,17,11,3,3,17,7,4,6,34,18,7,9,64,44,20,61,Dutch_Eredivisie_2122
5,6,Vitesse,17,6,3,8,17,9,3,5,34,15,6,13,42,51,-9,51,Dutch_Eredivisie_2122
6,7,FC Utrecht,17,8,6,3,17,4,5,8,34,12,11,11,51,46,5,47,Dutch_Eredivisie_2122
7,8,sc Heerenveen,17,6,3,8,17,5,5,7,34,11,8,15,37,50,-13,41,Dutch_Eredivisie_2122
8,9,SC Cambuur,17,5,3,9,17,6,3,8,34,11,6,17,53,70,-17,39,Dutch_Eredivisie_2122
9,10,RKC Waalwijk,17,6,3,8,17,3,8,6,34,9,11,14,40,51,-11,38,Dutch_Eredivisie_2122
10,11,NEC Nijmegen,17,3,5,9,17,7,3,7,34,10,8,16,38,52,-14,38,Dutch_Eredivisie_2122
11,12,FC Groningen,17,4,6,7,17,5,3,9,34,9,9,16,41,55,-14,36,Dutch_Eredivisie_2122
12,13,Go Ahead Eagles,17,7,1,9,17,3,5,9,34,10,6,18,37,51,-14,36,Dutch_Eredivisie_2122
13,14,Sparta Rotterdam,17,4,7,6,17,4,4,9,34,8,11,15,30,48,-18,35,Dutch_Eredivisie_2122
14,15,Fortuna Sittard,17,6,2,9,17,4,3,10,34,10,5,19,36,67,-31,35,Dutch_Eredivisie_2122
15,16,Heracles Almelo,17,7,5,5,17,2,2,13,34,9,7,18,33,49,-16,34,Dutch_Eredivisie_2122
16,17,Willem II,17,7,3,7,17,2,3,12,34,9,6,19,32,57,-25,33,Dutch_Eredivisie_2122
17,18,PEC Zwolle,17,3,5,9,17,4,1,12,34,7,6,21,26,52,-26,27,Dutch_Eredivisie_2122
0,1,FC Porto,17,15,1,1,17,11,3,3,34,26,4,4,74,22,52,82,Portuguese_PL_1920
1,2,Benfica,17,12,2,3,17,12,3,2,34,24,5,5,71,26,45,77,Portuguese_PL_1920
2,3,Sporting Braga,17,10,4,3,17,8,2,7,34,18,6,10,61,40,21,60,Portuguese_PL_1920
3,4,Sporting Lisbon,17,12,1,4,17,6,5,6,34,18,6,10,49,34,15,60,Portuguese_PL_1920
4,5,Rio Ave,17,6,6,5,17,9,4,4,34,15,10,9,48,36,12,55,Portuguese_PL_1920
5,6,Famalicão,17,7,6,4,17,7,6,4,34,14,12,8,53,51,2,54,Portuguese_PL_1920
6,7,Vitória Guimarães,17,8,4,5,17,5,7,5,34,13,11,10,53,38,15,50,Portuguese_PL_1920
7,8,Moreirense,17,6,6,5,17,4,7,6,34,10,13,11,42,44,-2,43,Portuguese_PL_1920
8,9,Gil Vicente,17,7,7,3,17,4,3,10,34,11,10,13,40,44,-4,43,Portuguese_PL_1920
9,10,Santa Clara,17,6,4,7,17,5,6,6,34,11,10,13,36,41,-5,43,Portuguese_PL_1920
10,11,Marítimo,17,5,8,4,17,4,4,9,34,9,12,13,34,42,-8,39,Portuguese_PL_1920
11,12,Boavista,17,5,4,8,17,5,5,7,34,10,9,15,28,39,-11,39,Portuguese_PL_1920
12,13,Paços de Ferreira,17,6,2,9,17,5,4,8,34,11,6,17,36,52,-16,39,Portuguese_PL_1920
13,14,Tondela,17,3,5,9,17,6,4,7,34,9,9,16,30,44,-14,36,Portuguese_PL_1920
14,15,Belenenses,17,5,4,8,17,4,4,9,34,9,8,17,27,54,-27,35,Portuguese_PL_1920
15,16,Vitória Setúbal,17,4,7,6,17,3,6,8,34,7,13,14,27,43,-16,34,Portuguese_PL_1920
16,17,Portimonense,17,5,7,5,17,2,5,10,34,7,12,15,30,45,-15,33,Portuguese_PL_1920
17,18,Desportivo Aves,17,4,1,12,17,1,1,15,34,5,2,27,24,68,-44,17,Portuguese_PL_1920
0,1,Sporting Lisbon,17,13,4,0,17,13,3,1,34,26,7,1,65,20,45,85,Portuguese_PL_2021
1,2,FC Porto,17,13,3,1,17,11,5,1,34,24,8,2,74,29,45,80,Portuguese_PL_2021
2,3,Benfica,17,12,3,2,17,11,4,2,34,23,7,4,69,27,42,76,Portuguese_PL_2021
3,4,Sporting Braga,17,11,3,3,17,8,4,5,34,19,7,8,53,33,20,64,Portuguese_PL_2021
4,5,Paços de Ferreira,17,10,3,4,17,5,5,7,34,15,8,11,40,41,-1,53,Portuguese_PL_2021
5,6,Santa Clara,17,7,5,5,17,6,2,9,34,13,7,14,44,36,8,46,Portuguese_PL_2021
6,7,Vitória Guimarães,17,7,1,9,17,5,6,6,34,12,7,15,37,44,-7,43,Portuguese_PL_2021
7,8,Moreirense,17,4,10,3,17,6,3,8,34,10,13,11,37,43,-6,43,Portuguese_PL_2021
8,9,Famalicão,17,4,7,6,17,6,3,8,34,10,10,14,40,48,-8,40,Portuguese_PL_2021
9,10,Belenenses,17,6,5,6,17,3,8,6,34,9,13,12,25,35,-10,40,Portuguese_PL_2021
10,11,Gil Vicente,17,4,4,9,17,7,2,8,34,11,6,17,33,42,-9,39,Portuguese_PL_2021
11,12,Tondela,17,8,2,7,17,2,4,11,34,10,6,18,36,57,-21,36,Portuguese_PL_2021
12,13,Boavista,17,5,4,8,17,3,8,6,34,8,12,14,39,49,-10,36,Portuguese_PL_2021
13,14,Portimonense,17,6,5,6,17,3,3,11,34,9,8,17,34,41,-7,35,Portuguese_PL_2021
14,15,Marítimo,17,5,3,9,17,5,2,10,34,10,5,19,27,47,-20,35,Portuguese_PL_2021
15,16,Rio Ave,17,4,6,7,17,3,7,7,34,7,13,14,25,40,-15,34,Portuguese_PL_2021
16,17,Farense,17,4,6,7,17,3,4,10,34,7,10,17,31,48,-17,31,Portuguese_PL_2021
17,18,Nacional,17,4,3,10,17,2,4,11,34,6,7,21,30,59,-29,25,Portuguese_PL_2021
0,1,FC Porto,17,15,2,0,17,14,2,1,34,29,4,1,86,22,64,91,Portuguese_PL_2122
1,2,Sporting Lisbon,17,14,1,2,17,13,3,1,34,27,4,3,73,23,50,85,Portuguese_PL_2122
2,3,Benfica,17,10,3,4,17,13,2,2,34,23,5,6,78,30,48,74,Portuguese_PL_2122
3,4,Sporting Braga,17,10,4,3,17,9,4,4,34,19,8,7,52,31,21,65,Portuguese_PL_2122
4,5,Gil Vicente,17,6,6,5,17,7,6,4,34,13,12,9,47,42,5,51,Portuguese_PL_2122
5,6,Vitória Guimarães,17,9,3,5,17,4,6,7,34,13,9,12,50,41,9,48,Portuguese_PL_2122
6,7,Santa Clara,17,8,6,3,17,1,7,9,34,9,13,12,38,54,-16,40,Portuguese_PL_2122
7,8,Famalicão,17,5,7,5,17,4,5,8,34,9,12,13,45,51,-6,39,Portuguese_PL_2122
8,9,Estoril Praia,17,4,8,5,17,5,4,8,34,9,12,13,36,43,-7,39,Portuguese_PL_2122
9,10,Marítimo,17,4,6,7,17,5,5,7,34,9,11,14,39,44,-5,38,Portuguese_PL_2122
10,11,Boavista,17,4,10,3,17,3,7,7,34,7,17,10,39,52,-13,38,Portuguese_PL_2122
11,12,Paços de Ferreira,17,5,6,6,17,4,5,8,34,9,11,14,29,44,-15,38,Portuguese_PL_2122
12,13,Portimonense,17,4,4,9,17,6,4,7,34,10,8,16,31,45,-14,38,Portuguese_PL_2122
13,14,Vizela,17,4,7,6,17,3,5,9,34,7,12,15,37,58,-21,33,Portuguese_PL_2122
14,15,Arouca,17,5,4,8,17,2,6,9,34,7,10,17,30,54,-24,31,Portuguese_PL_2122
15,16,Moreirense,17,5,3,9,17,2,5,10,34,7,8,19,33,51,-18,29,Portuguese_PL_2122
16,17,Tondela,17,4,4,9,17,3,3,11,34,7,7,20,41,67,-26,28,Portuguese_PL_2122
17,18,Belenenses,17,5,3,9,17,0,8,9,34,5,11,18,23,55,-32,26,Portuguese_PL_2122
0,1,?stanbul Ba?ak?ehir,17,12,4,1,17,8,5,4,34,20,9,5,65,34,31,69,Turkish_Super_Lig_1920
1,2,Trabzonspor,17,9,5,3,17,9,6,2,34,18,11,5,76,42,34,65,Turkish_Super_Lig_1920
2,3,Be?ikta?,17,11,3,3,17,8,2,7,34,19,5,10,59,40,19,62,Turkish_Super_Lig_1920
3,4,Sivasspor,17,11,4,2,17,6,5,6,34,17,9,8,55,38,17,60,Turkish_Super_Lig_1920
4,5,Alanyaspor,17,10,4,3,17,6,5,6,34,16,9,9,61,37,24,57,Turkish_Super_Lig_1920
5,6,Galatasaray,17,10,5,2,17,5,6,6,34,15,11,8,55,37,18,56,Turkish_Super_Lig_1920
6,7,Fenerbahçe,17,11,3,3,17,4,5,8,34,15,8,11,58,46,12,53,Turkish_Super_Lig_1920
7,8,Gazi?ehir Gaziantep,17,6,7,4,17,5,6,6,34,11,13,10,49,50,-1,46,Turkish_Super_Lig_1920
8,9,Antalyaspor,17,5,6,6,17,6,6,5,34,11,12,11,41,52,-11,45,Turkish_Super_Lig_1920
9,10,Kas?mpa?a SK,17,7,3,7,17,5,4,8,34,12,7,15,53,58,-5,43,Turkish_Super_Lig_1920
10,11,Göztepe SK,17,6,6,5,17,5,3,9,34,11,9,14,44,49,-5,42,Turkish_Super_Lig_1920
11,12,Konyaspor,17,4,7,6,17,4,5,8,34,8,12,14,36,52,-16,36,Turkish_Super_Lig_1920
12,13,Gençlerbirli?i,17,5,6,6,17,4,3,10,34,9,9,16,39,56,-17,36,Turkish_Super_Lig_1920
13,14,Denizlispor,17,5,2,10,17,4,6,7,34,9,8,17,31,48,-17,35,Turkish_Super_Lig_1920
14,15,Çaykur Rizespor,17,8,3,6,17,2,2,13,34,10,5,19,38,57,-19,35,Turkish_Super_Lig_1920
15,16,Yeni Malatyaspor,17,4,4,9,17,4,4,9,34,8,8,18,44,51,-7,32,Turkish_Super_Lig_1920
16,17,Ankaragücü,17,4,4,9,17,3,7,7,34,7,11,16,31,56,-25,32,Turkish_Super_Lig_1920
17,18,Kayserispor,17,6,6,5,17,2,2,13,34,8,8,18,40,72,-32,32,Turkish_Super_Lig_1920
0,1,Be?ikta?,20,14,3,3,20,12,3,5,40,26,6,8,89,44,45,84,Turkish_Super_Lig_2021
1,2,Galatasaray,20,12,6,2,20,14,0,6,40,26,6,8,80,36,44,84,Turkish_Super_Lig_2021
2,3,Fenerbahçe,20,11,2,7,20,14,5,1,40,25,7,8,72,41,31,82,Turkish_Super_Lig_2021
3,4,Trabzonspor,20,11,3,6,20,8,11,1,40,19,14,7,50,37,13,71,Turkish_Super_Lig_2021
4,5,Sivasspor,20,7,9,4,20,9,8,3,40,16,17,7,54,43,11,65,Turkish_Super_Lig_2021
5,6,Hatayspor,20,10,4,6,20,7,6,7,40,17,10,13,62,53,9,61,Turkish_Super_Lig_2021
6,7,Alanyaspor,20,12,4,4,20,5,5,10,40,17,9,14,58,45,13,60,Turkish_Super_Lig_2021
7,8,Fatih Karagümrük,20,12,4,4,20,4,8,8,40,16,12,12,64,52,12,60,Turkish_Super_Lig_2021
8,9,Gazi?ehir Gaziantep,20,10,6,4,20,5,7,8,40,15,13,12,59,51,8,58,Turkish_Super_Lig_2021
9,10,Göztepe SK,20,8,5,7,20,5,7,8,40,13,12,15,59,59,0,51,Turkish_Super_Lig_2021
10,11,Konyaspor,20,7,9,4,20,5,5,10,40,12,14,14,49,48,1,50,Turkish_Super_Lig_2021
11,12,?stanbul Ba?ak?ehir,20,5,8,7,20,7,4,9,40,12,12,16,43,55,-12,48,Turkish_Super_Lig_2021
12,13,Çaykur Rizespor,20,7,7,6,20,5,5,10,40,12,12,16,53,69,-16,48,Turkish_Super_Lig_2021
13,14,Kas?mpa?a SK,20,9,4,7,20,3,6,11,40,12,10,18,47,57,-10,46,Turkish_Super_Lig_2021
14,15,Yeni Malatyaspor,20,7,8,5,20,3,7,10,40,10,15,15,49,53,-4,45,Turkish_Super_Lig_2021
15,16,Antalyaspor,20,6,7,7,20,3,10,7,40,9,17,14,41,55,-14,44,Turkish_Super_Lig_2021
16,17,Kayserispor,20,5,7,8,20,4,7,9,40,9,14,17,35,52,-17,41,Turkish_Super_Lig_2021
17,18,BB Erzurumspor,20,2,8,10,20,8,2,10,40,10,10,20,44,68,-24,40,Turkish_Super_Lig_2021
18,19,Ankaragücü,20,8,3,9,20,2,5,13,40,10,8,22,46,65,-19,38,Turkish_Super_Lig_2021
19,20,Gençlerbirli?i,20,6,5,9,20,4,3,13,40,10,8,22,44,76,-32,38,Turkish_Super_Lig_2021
20,21,Denizlispor,20,4,6,10,20,2,4,14,40,6,10,24,38,77,-39,28,Turkish_Super_Lig_2021
0,1,Trabzonspor,19,12,7,0,19,11,5,3,38,23,12,3,69,36,33,81,Turkish_Super_Lig_2122
1,2,Fenerbahçe,19,11,5,3,19,10,5,4,38,21,10,7,73,38,35,73,Turkish_Super_Lig_2122
2,3,Konyaspor,19,13,4,2,19,7,4,8,38,20,8,10,66,45,21,68,Turkish_Super_Lig_2122
3,4,?stanbul Ba?ak?ehir,19,12,2,5,19,7,6,6,38,19,8,11,56,36,20,65,Turkish_Super_Lig_2122
4,5,Alanyaspor,19,9,4,6,19,10,3,6,38,19,7,12,67,58,9,64,Turkish_Super_Lig_2122
5,6,Be?ikta?,19,10,6,3,19,5,8,6,38,15,14,9,56,48,8,59,Turkish_Super_Lig_2122
6,7,Antalyaspor,19,10,6,3,19,6,5,8,38,16,11,11,54,47,7,59,Turkish_Super_Lig_2122
7,8,Fatih Karagümrük,19,10,5,4,19,6,4,9,38,16,9,13,47,52,-5,57,Turkish_Super_Lig_2122
8,9,Adana Demirspor,19,9,5,5,19,6,5,8,38,15,10,13,60,47,13,55,Turkish_Super_Lig_2122
9,10,Sivasspor,19,7,8,4,19,7,4,8,38,14,12,12,52,50,2,54,Turkish_Super_Lig_2122
10,11,Kas?mpa?a SK,19,8,4,7,19,7,4,8,38,15,8,15,67,57,10,53,Turkish_Super_Lig_2122
11,12,Hatayspor,19,10,5,4,19,5,3,11,38,15,8,15,56,60,-4,53,Turkish_Super_Lig_2122
12,13,Galatasaray,19,10,3,6,19,4,7,8,38,14,10,14,51,53,-2,52,Turkish_Super_Lig_2122
13,14,Kayserispor,19,10,4,5,19,2,7,10,38,12,11,15,54,61,-7,47,Turkish_Super_Lig_2122
14,15,Gazi?ehir Gaziantep,19,11,7,1,19,1,3,15,38,12,10,16,48,56,-8,46,Turkish_Super_Lig_2122
15,16,Giresunspor,19,7,5,7,19,5,4,10,38,12,9,17,41,47,-6,45,Turkish_Super_Lig_2122
16,17,Çaykur Rizespor,19,8,2,9,19,2,4,13,38,10,6,22,44,71,-27,36,Turkish_Super_Lig_2122
17,18,Altay,19,5,4,10,19,4,3,12,38,9,7,22,39,57,-18,34,Turkish_Super_Lig_2122
18,19,Göztepe SK,19,4,2,13,19,3,5,11,38,7,7,24,40,77,-37,28,Turkish_Super_Lig_2122
19,20,Yeni Malatyaspor,19,3,3,13,19,2,2,15,38,5,5,28,27,71,-44,20,Turkish_Super_Lig_2122
0,1,Paris St Germain,14,12,1,1,13,10,1,2,27,22,2,3,75,24,51,68,French_Ligue1_1920
1,2,Marseille,14,8,4,2,14,8,4,2,28,16,8,4,41,29,12,56,French_Ligue1_1920
2,3,Rennes,14,9,2,3,14,6,3,5,28,15,5,8,38,24,14,50,French_Ligue1_1920
3,4,Lille,15,11,2,2,13,4,2,7,28,15,4,9,35,27,8,49,French_Ligue1_1920
4,5,Reims,14,5,7,2,14,5,4,5,28,10,11,7,26,21,5,41,French_Ligue1_1920
5,6,Nice,15,8,4,3,13,3,4,6,28,11,8,9,41,38,3,41,French_Ligue1_1920
6,7,Lyon,13,5,4,4,15,6,3,6,28,11,7,10,42,27,15,40,French_Ligue1_1920
7,8,Montpellier,14,10,2,2,14,1,5,8,28,11,7,10,35,34,1,40,French_Ligue1_1920
8,9,Monaco,14,8,2,4,14,3,5,6,28,11,7,10,44,44,0,40,French_Ligue1_1920
9,10,Angers,15,8,3,4,13,3,3,7,28,11,6,11,28,33,-5,39,French_Ligue1_1920
10,11,Strasbourg,13,7,3,3,14,4,2,8,27,11,5,11,32,32,0,38,French_Ligue1_1920
11,12,Bordeaux,13,4,5,4,15,5,5,5,28,9,10,9,40,34,6,37,French_Ligue1_1920
12,13,Nantes,14,6,2,6,14,5,2,7,28,11,4,13,28,31,-3,37,French_Ligue1_1920
13,14,Brest,14,6,6,2,14,2,4,8,28,8,10,10,34,37,-3,34,French_Ligue1_1920
14,15,Metz,14,5,4,5,14,3,6,5,28,8,10,10,27,35,-8,34,French_Ligue1_1920
15,16,Dijon,14,6,6,2,14,1,3,10,28,7,9,12,27,37,-10,30,French_Ligue1_1920
16,17,Saint Étienne,14,4,6,4,14,4,0,10,28,8,6,14,29,45,-16,30,French_Ligue1_1920
17,18,Nîmes,14,6,2,6,14,1,4,9,28,7,6,15,29,44,-15,27,French_Ligue1_1920
18,19,Amiens,14,3,5,6,14,1,6,7,28,4,11,13,31,50,-19,23,French_Ligue1_1920
19,20,Toulouse,13,3,0,10,15,0,4,11,28,3,4,21,22,58,-36,13,French_Ligue1_1920
0,1,Lille,19,10,7,2,19,14,4,1,38,24,11,3,64,23,41,83,French_Ligue1_2021
1,2,Paris St Germain,19,13,1,5,19,13,3,3,38,26,4,8,86,28,58,82,French_Ligue1_2021
2,3,Monaco,19,12,5,2,19,12,1,6,38,24,6,8,76,42,34,78,French_Ligue1_2021
3,4,Lyon,19,11,3,5,19,11,7,1,38,22,10,6,81,43,38,76,French_Ligue1_2021
4,5,Marseille,19,10,5,4,19,6,7,6,38,16,12,10,54,47,7,60,French_Ligue1_2021
5,6,Rennes,19,9,4,6,19,7,6,6,38,16,10,12,52,40,12,58,French_Ligue1_2021
6,7,Lens,19,7,7,5,19,8,5,6,38,15,12,11,55,54,1,57,French_Ligue1_2021
7,8,Montpellier,19,7,4,8,19,7,8,4,38,14,12,12,60,62,-2,54,French_Ligue1_2021
8,9,Nice,19,7,3,9,19,8,4,7,38,15,7,16,50,53,-3,52,French_Ligue1_2021
9,10,Metz,19,5,5,9,19,7,6,6,38,12,11,15,44,48,-4,47,French_Ligue1_2021
10,11,Saint Étienne,19,5,6,8,19,7,4,8,38,12,10,16,42,54,-12,46,French_Ligue1_2021
11,12,Bordeaux,19,7,4,8,19,6,2,11,38,13,6,19,42,56,-14,45,French_Ligue1_2021
12,13,Angers,19,6,3,10,19,6,5,8,38,12,8,18,40,58,-18,44,French_Ligue1_2021
13,14,Reims,19,4,8,7,19,5,7,7,38,9,15,14,42,50,-8,42,French_Ligue1_2021
14,15,Strasbourg,19,4,5,10,19,7,4,8,38,11,9,18,49,58,-9,42,French_Ligue1_2021
15,16,Lorient,19,10,2,7,19,1,7,11,38,11,9,18,50,68,-18,42,French_Ligue1_2021
16,17,Brest,19,8,4,7,19,3,4,12,38,11,8,19,50,66,-16,41,French_Ligue1_2021
17,18,Nantes,19,3,8,8,19,6,5,8,38,9,13,16,47,55,-8,40,French_Ligue1_2021
18,19,Nîmes,19,3,5,11,19,6,3,10,38,9,8,21,40,71,-31,35,French_Ligue1_2021
19,20,Dijon,19,1,6,12,19,3,3,13,38,4,9,25,25,73,-48,21,French_Ligue1_2021
0,1,Paris St Germain,19,16,3,0,19,10,5,4,38,26,8,4,90,36,54,86,French_Ligue1_2122
1,2,Marseille,19,9,5,5,19,12,3,4,38,21,8,9,63,38,25,71,French_Ligue1_2122
2,3,Monaco,19,12,4,3,19,8,5,6,38,20,9,9,65,40,25,69,French_Ligue1_2122
3,4,Rennes,19,14,1,4,19,6,5,8,38,20,6,12,82,40,42,66,French_Ligue1_2122
4,5,Nice (-1),19,10,4,5,19,10,3,6,38,20,7,11,52,36,16,66,French_Ligue1_2122
5,6,Strasbourg,19,11,5,3,19,6,7,6,38,17,12,9,60,43,17,63,French_Ligue1_2122
6,7,Lens,19,9,7,3,19,8,4,7,38,17,11,10,62,48,14,62,French_Ligue1_2122
7,8,Lyon (-1),19,11,5,3,19,6,6,7,38,17,11,10,66,51,15,61,French_Ligue1_2122
8,9,Nantes,19,11,4,4,19,4,6,9,38,15,10,13,55,48,7,55,French_Ligue1_2122
9,10,Lille,19,7,8,4,19,7,5,7,38,14,13,11,48,48,0,55,French_Ligue1_2122
10,11,Brest,19,7,4,8,19,6,5,8,38,13,9,16,49,57,-8,48,French_Ligue1_2122
11,12,Reims,19,5,6,8,19,6,7,6,38,11,13,14,43,44,-1,46,French_Ligue1_2122
12,13,Montpellier,19,7,5,7,19,5,2,12,38,12,7,19,49,61,-12,43,French_Ligue1_2122
13,14,Angers,19,8,2,9,19,2,9,8,38,10,11,17,44,55,-11,41,French_Ligue1_2122
14,15,Troyes,19,5,7,7,19,4,4,11,38,9,11,18,37,53,-16,38,French_Ligue1_2122
15,16,Lorient,19,6,6,7,19,2,6,11,38,8,12,18,35,63,-28,36,French_Ligue1_2122
16,17,Clermont,19,4,6,9,19,5,3,11,38,9,9,20,38,69,-31,36,French_Ligue1_2122
17,18,Saint Étienne,19,4,6,9,19,3,5,11,38,7,11,20,42,77,-35,32,French_Ligue1_2122
18,19,Metz,19,3,7,9,19,3,6,10,38,6,13,19,35,69,-34,31,French_Ligue1_2122
19,20,Bordeaux,19,3,7,9,19,3,6,10,38,6,13,19,52,91,-39,31,French_Ligue1_2122
