﻿League,Pos,Team,P,W,D,L,F,A,GD,Pts,Table Type,Season,KEY
Premier League,1,Chelsea,38,30,3,5,85,33,52,93,League Table,2016/17,Premier League|Chelsea|2016/17
Premier League,2,Tottenham Hotspur,38,26,8,4,86,26,60,86,League Table,2016/17,Premier League|Tottenham Hotspur|2016/17
Premier League,3,Manchester City,38,23,9,6,80,39,41,78,League Table,2016/17,Premier League|Manchester City|2016/17
Premier League,4,Liverpool,38,22,10,6,78,42,36,76,League Table,2016/17,Premier League|Liverpool|2016/17
Premier League,5,Arsenal,38,23,6,9,77,44,33,75,League Table,2016/17,Premier League|Arsenal|2016/17
Premier League,6,Manchester United,38,18,15,5,54,29,25,69,League Table,2016/17,Premier League|Manchester United|2016/17
Premier League,7,Everton,38,17,10,11,62,44,18,61,League Table,2016/17,Premier League|Everton|2016/17
Premier League,8,Southampton,38,12,10,16,41,48,-7,46,League Table,2016/17,Premier League|Southampton|2016/17
Premier League,9,AFC Bournemouth,38,12,10,16,55,67,-12,46,League Table,2016/17,Premier League|AFC Bournemouth|2016/17
Premier League,10,West Bromwich Albion,38,12,9,17,43,51,-8,45,League Table,2016/17,Premier League|West Bromwich Albion|2016/17
Premier League,11,West Ham United,38,12,9,17,47,64,-17,45,League Table,2016/17,Premier League|West Ham United|2016/17
Premier League,12,Leicester City,38,12,8,18,48,63,-15,44,League Table,2016/17,Premier League|Leicester City|2016/17
Premier League,13,Stoke City,38,11,11,16,41,56,-15,44,League Table,2016/17,Premier League|Stoke City|2016/17
Premier League,14,Crystal Palace,38,12,5,21,50,63,-13,41,League Table,2016/17,Premier League|Crystal Palace|2016/17
Premier League,15,Swansea City,38,12,5,21,45,70,-25,41,League Table,2016/17,Premier League|Swansea City|2016/17
Premier League,16,Burnley,38,11,7,20,39,55,-16,40,League Table,2016/17,Premier League|Burnley|2016/17
Premier League,17,Watford,38,11,7,20,40,68,-28,40,League Table,2016/17,Premier League|Watford|2016/17
Premier League,18,Hull City,38,9,7,22,37,80,-43,34,League Table,2016/17,Premier League|Hull City|2016/17
Premier League,19,Middlesbrough,38,5,13,20,27,53,-26,28,League Table,2016/17,Premier League|Middlesbrough|2016/17
Premier League,20,Sunderland,38,6,6,26,29,69,-40,24,League Table,2016/17,Premier League|Sunderland|2016/17
Premier League,1,Tottenham Hotspur,19,17,2,-,47,9,38,53,Home League Table,2016/17,Premier League|Tottenham Hotspur|2016/17
Premier League,2,Chelsea,19,17,-,2,55,17,38,51,Home League Table,2016/17,Premier League|Chelsea|2016/17
Premier League,3,Arsenal,19,14,3,2,39,16,23,45,Home League Table,2016/17,Premier League|Arsenal|2016/17
Premier League,4,Everton,19,13,4,2,42,16,26,43,Home League Table,2016/17,Premier League|Everton|2016/17
Premier League,5,Liverpool,19,12,5,2,45,18,27,41,Home League Table,2016/17,Premier League|Liverpool|2016/17
Premier League,6,Manchester City,19,11,7,1,37,17,20,40,Home League Table,2016/17,Premier League|Manchester City|2016/17
Premier League,7,Manchester United,19,8,10,1,26,12,14,34,Home League Table,2016/17,Premier League|Manchester United|2016/17
Premier League,8,Leicester City,19,10,4,5,31,25,6,34,Home League Table,2016/17,Premier League|Leicester City|2016/17
Premier League,9,Burnley,19,10,3,6,26,20,6,33,Home League Table,2016/17,Premier League|Burnley|2016/17
Premier League,10,AFC Bournemouth,19,9,4,6,35,29,6,31,Home League Table,2016/17,Premier League|AFC Bournemouth|2016/17
Premier League,11,West Bromwich Albion,19,9,2,8,27,22,5,29,Home League Table,2016/17,Premier League|West Bromwich Albion|2016/17
Premier League,12,Watford,19,8,4,7,25,29,-4,28,Home League Table,2016/17,Premier League|Watford|2016/17
Premier League,13,Hull City,19,8,4,7,28,35,-7,28,Home League Table,2016/17,Premier League|Hull City|2016/17
Premier League,14,Stoke City,19,7,6,6,24,24,0,27,Home League Table,2016/17,Premier League|Stoke City|2016/17
Premier League,15,Swansea City,19,8,3,8,27,34,-7,27,Home League Table,2016/17,Premier League|Swansea City|2016/17
Premier League,16,West Ham United,19,7,4,8,19,31,-12,25,Home League Table,2016/17,Premier League|West Ham United|2016/17
Premier League,17,Southampton,19,6,6,7,17,21,-4,24,Home League Table,2016/17,Premier League|Southampton|2016/17
Premier League,18,Crystal Palace,19,6,2,11,24,25,-1,20,Home League Table,2016/17,Premier League|Crystal Palace|2016/17
Premier League,19,Middlesbrough,19,4,6,9,17,23,-6,18,Home League Table,2016/17,Premier League|Middlesbrough|2016/17
Premier League,20,Sunderland,19,3,5,11,16,34,-18,14,Home League Table,2016/17,Premier League|Sunderland|2016/17
Premier League,1,Chelsea,19,13,3,3,30,16,14,42,Away League Table,2016/17,Premier League|Chelsea|2016/17
Premier League,2,Manchester City,19,12,2,5,43,22,21,38,Away League Table,2016/17,Premier League|Manchester City|2016/17
Premier League,3,Manchester United,19,10,5,4,28,17,11,35,Away League Table,2016/17,Premier League|Manchester United|2016/17
Premier League,4,Liverpool,19,10,5,4,33,24,9,35,Away League Table,2016/17,Premier League|Liverpool|2016/17
Premier League,5,Tottenham Hotspur,19,9,6,4,39,17,22,33,Away League Table,2016/17,Premier League|Tottenham Hotspur|2016/17
Premier League,6,Arsenal,19,9,3,7,38,28,10,30,Away League Table,2016/17,Premier League|Arsenal|2016/17
Premier League,7,Southampton,19,6,4,9,24,27,-3,22,Away League Table,2016/17,Premier League|Southampton|2016/17
Premier League,8,Crystal Palace,19,6,3,10,26,38,-12,21,Away League Table,2016/17,Premier League|Crystal Palace|2016/17
Premier League,9,West Ham United,19,5,5,9,28,33,-5,20,Away League Table,2016/17,Premier League|West Ham United|2016/17
Premier League,10,Everton,19,4,6,9,20,28,-8,18,Away League Table,2016/17,Premier League|Everton|2016/17
Premier League,11,Stoke City,19,4,5,10,17,32,-15,17,Away League Table,2016/17,Premier League|Stoke City|2016/17
Premier League,12,West Bromwich Albion,19,3,7,9,16,29,-13,16,Away League Table,2016/17,Premier League|West Bromwich Albion|2016/17
Premier League,13,AFC Bournemouth,19,3,6,10,20,38,-18,15,Away League Table,2016/17,Premier League|AFC Bournemouth|2016/17
Premier League,14,Swansea City,19,4,2,13,18,36,-18,14,Away League Table,2016/17,Premier League|Swansea City|2016/17
Premier League,15,Watford,19,3,3,13,15,39,-24,12,Away League Table,2016/17,Premier League|Watford|2016/17
Premier League,16,Middlesbrough,19,1,7,11,10,30,-20,10,Away League Table,2016/17,Premier League|Middlesbrough|2016/17
Premier League,17,Leicester City,19,2,4,13,17,38,-21,10,Away League Table,2016/17,Premier League|Leicester City|2016/17
Premier League,18,Sunderland,19,3,1,15,13,35,-22,10,Away League Table,2016/17,Premier League|Sunderland|2016/17
Premier League,19,Burnley,19,1,4,14,13,35,-22,7,Away League Table,2016/17,Premier League|Burnley|2016/17
Premier League,20,Hull City,19,1,3,15,9,45,-36,6,Away League Table,2016/17,Premier League|Hull City|2016/17
Bundesliga,1,Bayern Munich,34,25,7,2,89,22,67,82,League Table,2016/17,Bundesliga|Bayern Munich|2016/17
Bundesliga,2,RB Leipzig,34,20,7,7,66,39,27,67,League Table,2016/17,Bundesliga|RB Leipzig|2016/17
Bundesliga,3,Borussia Dortmund,34,18,10,6,72,40,32,64,League Table,2016/17,Bundesliga|Borussia Dortmund|2016/17
Bundesliga,4,TSG 1899 Hoffenheim,34,16,14,4,64,37,27,62,League Table,2016/17,Bundesliga|TSG 1899 Hoffenheim|2016/17
Bundesliga,5,1. FC Koln,34,12,13,9,51,42,9,49,League Table,2016/17,Bundesliga|1. FC Koln|2016/17
Bundesliga,6,Hertha BSC,34,15,4,15,43,47,-4,49,League Table,2016/17,Bundesliga|Hertha BSC|2016/17
Bundesliga,7,SC Freiburg,34,14,6,14,42,60,-18,48,League Table,2016/17,Bundesliga|SC Freiburg|2016/17
Bundesliga,8,Werder Bremen,34,13,6,15,61,64,-3,45,League Table,2016/17,Bundesliga|Werder Bremen|2016/17
Bundesliga,9,"Borussia M'gladbach",34,12,9,13,45,49,-4,45,League Table,2016/17,"Bundesliga|Borussia M'gladbach|2016/17"
Bundesliga,10,FC Schalke 04,34,11,10,13,45,40,5,43,League Table,2016/17,Bundesliga|FC Schalke 04|2016/17
Bundesliga,11,Eintracht Frankfurt,34,11,9,14,36,43,-7,42,League Table,2016/17,Bundesliga|Eintracht Frankfurt|2016/17
Bundesliga,12,Bayer Leverkusen,34,11,8,15,53,55,-2,41,League Table,2016/17,Bundesliga|Bayer Leverkusen|2016/17
Bundesliga,13,FC Augsburg,34,9,11,14,35,51,-16,38,League Table,2016/17,Bundesliga|FC Augsburg|2016/17
Bundesliga,14,Hamburger SV,34,10,8,16,33,61,-28,38,League Table,2016/17,Bundesliga|Hamburger SV|2016/17
Bundesliga,15,1. FSV Mainz 05,34,10,7,17,44,55,-11,37,League Table,2016/17,Bundesliga|1. FSV Mainz 05|2016/17
Bundesliga,16,VfL Wolfsburg,34,10,7,17,34,52,-18,37,League Table,2016/17,Bundesliga|VfL Wolfsburg|2016/17
Bundesliga,17,FC Ingolstadt 04,34,8,8,18,36,57,-21,32,League Table,2016/17,Bundesliga|FC Ingolstadt 04|2016/17
Bundesliga,18,SV Darmstadt 98,34,7,4,23,28,63,-35,25,League Table,2016/17,Bundesliga|SV Darmstadt 98|2016/17
Bundesliga,1,Bayern Munich,17,13,4,-,55,9,46,43,Home League Table,2016/17,Bundesliga|Bayern Munich|2016/17
Bundesliga,2,Borussia Dortmund,17,13,4,-,41,12,29,43,Home League Table,2016/17,Bundesliga|Borussia Dortmund|2016/17
Bundesliga,3,TSG 1899 Hoffenheim,17,11,6,-,35,14,21,39,Home League Table,2016/17,Bundesliga|TSG 1899 Hoffenheim|2016/17
Bundesliga,4,RB Leipzig,17,12,2,3,35,16,19,38,Home League Table,2016/17,Bundesliga|RB Leipzig|2016/17
Bundesliga,5,Hertha BSC,17,12,1,4,28,19,9,37,Home League Table,2016/17,Bundesliga|Hertha BSC|2016/17
Bundesliga,6,1. FC Koln,17,9,6,2,29,17,12,33,Home League Table,2016/17,Bundesliga|1. FC Koln|2016/17
Bundesliga,7,SC Freiburg,17,10,2,5,23,24,-1,32,Home League Table,2016/17,Bundesliga|SC Freiburg|2016/17
Bundesliga,8,FC Schalke 04,17,8,5,4,29,15,14,29,Home League Table,2016/17,Bundesliga|FC Schalke 04|2016/17
Bundesliga,9,Eintracht Frankfurt,17,7,7,3,24,18,6,28,Home League Table,2016/17,Bundesliga|Eintracht Frankfurt|2016/17
Bundesliga,10,Hamburger SV,17,8,4,5,21,25,-4,28,Home League Table,2016/17,Bundesliga|Hamburger SV|2016/17
Bundesliga,11,"Borussia M'gladbach",17,7,5,5,26,18,8,26,Home League Table,2016/17,"Bundesliga|Borussia M'gladbach|2016/17"
Bundesliga,12,1. FSV Mainz 05,17,7,4,6,30,26,4,25,Home League Table,2016/17,Bundesliga|1. FSV Mainz 05|2016/17
Bundesliga,13,Werder Bremen,17,8,1,8,28,24,4,25,Home League Table,2016/17,Bundesliga|Werder Bremen|2016/17
Bundesliga,14,Bayer Leverkusen,17,5,6,6,27,28,-1,21,Home League Table,2016/17,Bundesliga|Bayer Leverkusen|2016/17
Bundesliga,15,FC Augsburg,17,5,6,6,22,25,-3,21,Home League Table,2016/17,Bundesliga|FC Augsburg|2016/17
Bundesliga,16,SV Darmstadt 98,17,6,3,8,18,25,-7,21,Home League Table,2016/17,Bundesliga|SV Darmstadt 98|2016/17
Bundesliga,17,VfL Wolfsburg,17,5,3,9,15,25,-10,18,Home League Table,2016/17,Bundesliga|VfL Wolfsburg|2016/17
Bundesliga,18,FC Ingolstadt 04,17,4,5,8,21,30,-9,17,Home League Table,2016/17,Bundesliga|FC Ingolstadt 04|2016/17
Bundesliga,1,Bayern Munich,17,12,3,2,34,13,21,39,Away League Table,2016/17,Bundesliga|Bayern Munich|2016/17
Bundesliga,2,RB Leipzig,17,8,5,4,31,23,8,29,Away League Table,2016/17,Bundesliga|RB Leipzig|2016/17
Bundesliga,3,TSG 1899 Hoffenheim,17,5,8,4,29,23,6,23,Away League Table,2016/17,Bundesliga|TSG 1899 Hoffenheim|2016/17
Bundesliga,4,Borussia Dortmund,17,5,6,6,31,28,3,21,Away League Table,2016/17,Bundesliga|Borussia Dortmund|2016/17
Bundesliga,5,Bayer Leverkusen,17,6,2,9,26,27,-1,20,Away League Table,2016/17,Bundesliga|Bayer Leverkusen|2016/17
Bundesliga,6,Werder Bremen,17,5,5,7,33,40,-7,20,Away League Table,2016/17,Bundesliga|Werder Bremen|2016/17
Bundesliga,7,VfL Wolfsburg,17,5,4,8,19,27,-8,19,Away League Table,2016/17,Bundesliga|VfL Wolfsburg|2016/17
Bundesliga,8,"Borussia M'gladbach",17,5,4,8,19,31,-12,19,Away League Table,2016/17,"Bundesliga|Borussia M'gladbach|2016/17"
Bundesliga,9,FC Augsburg,17,4,5,8,13,26,-13,17,Away League Table,2016/17,Bundesliga|FC Augsburg|2016/17
Bundesliga,10,1. FC Koln,17,3,7,7,22,25,-3,16,Away League Table,2016/17,Bundesliga|1. FC Koln|2016/17
Bundesliga,11,SC Freiburg,17,4,4,9,19,36,-17,16,Away League Table,2016/17,Bundesliga|SC Freiburg|2016/17
Bundesliga,12,FC Ingolstadt 04,17,4,3,10,15,27,-12,15,Away League Table,2016/17,Bundesliga|FC Ingolstadt 04|2016/17
Bundesliga,13,FC Schalke 04,17,3,5,9,16,25,-9,14,Away League Table,2016/17,Bundesliga|FC Schalke 04|2016/17
Bundesliga,14,Eintracht Frankfurt,17,4,2,11,12,25,-13,14,Away League Table,2016/17,Bundesliga|Eintracht Frankfurt|2016/17
Bundesliga,15,Hertha BSC,17,3,3,11,15,28,-13,12,Away League Table,2016/17,Bundesliga|Hertha BSC|2016/17
Bundesliga,16,1. FSV Mainz 05,17,3,3,11,14,29,-15,12,Away League Table,2016/17,Bundesliga|1. FSV Mainz 05|2016/17
Bundesliga,17,Hamburger SV,17,2,4,11,12,36,-24,10,Away League Table,2016/17,Bundesliga|Hamburger SV|2016/17
Bundesliga,18,SV Darmstadt 98,17,1,1,15,10,38,-28,4,Away League Table,2016/17,Bundesliga|SV Darmstadt 98|2016/17
La Liga,1,Real Madrid,38,29,6,3,106,41,65,93,League Table,2016/17,La Liga|Real Madrid|2016/17
La Liga,2,Barcelona,38,28,6,4,116,37,79,90,League Table,2016/17,La Liga|Barcelona|2016/17
La Liga,3,Atletico Madrid,38,23,9,6,70,27,43,78,League Table,2016/17,La Liga|Atletico Madrid|2016/17
La Liga,4,Sevilla,38,21,9,8,69,49,20,72,League Table,2016/17,La Liga|Sevilla|2016/17
La Liga,5,Villarreal,38,19,10,9,56,33,23,67,League Table,2016/17,La Liga|Villarreal|2016/17
La Liga,6,Real Sociedad,38,19,7,12,59,53,6,64,League Table,2016/17,La Liga|Real Sociedad|2016/17
La Liga,7,Athletic Bilbao,38,19,6,13,53,43,10,63,League Table,2016/17,La Liga|Athletic Bilbao|2016/17
La Liga,8,Espanyol,38,15,11,12,49,50,-1,56,League Table,2016/17,La Liga|Espanyol|2016/17
La Liga,9,CD Alaves,38,14,13,11,41,43,-2,55,League Table,2016/17,La Liga|CD Alaves|2016/17
La Liga,10,Eibar,38,15,9,14,56,51,5,54,League Table,2016/17,La Liga|Eibar|2016/17
La Liga,11,Malaga,38,12,10,16,49,55,-6,46,League Table,2016/17,La Liga|Malaga|2016/17
La Liga,12,Valencia,38,13,7,18,56,65,-9,46,League Table,2016/17,La Liga|Valencia|2016/17
La Liga,13,Celta Vigo,38,13,6,19,53,69,-16,45,League Table,2016/17,La Liga|Celta Vigo|2016/17
La Liga,14,Las Palmas,38,10,9,19,53,74,-21,39,League Table,2016/17,La Liga|Las Palmas|2016/17
La Liga,15,Real Betis,38,10,9,19,41,64,-23,39,League Table,2016/17,La Liga|Real Betis|2016/17
La Liga,16,Deportivo La Coruna,38,8,12,18,43,61,-18,36,League Table,2016/17,La Liga|Deportivo La Coruna|2016/17
La Liga,17,CD Leganes,38,8,11,19,36,55,-19,35,League Table,2016/17,La Liga|CD Leganes|2016/17
La Liga,18,Sporting Gijon,38,7,10,21,42,72,-30,31,League Table,2016/17,La Liga|Sporting Gijon|2016/17
La Liga,19,Osasuna,38,4,10,24,40,94,-54,22,League Table,2016/17,La Liga|Osasuna|2016/17
La Liga,20,Granada CF,38,4,8,26,30,82,-52,20,League Table,2016/17,La Liga|Granada CF|2016/17
La Liga,1,Barcelona,19,15,3,1,64,17,47,48,Home League Table,2016/17,La Liga|Barcelona|2016/17
La Liga,2,Real Madrid,19,14,4,1,48,20,28,46,Home League Table,2016/17,La Liga|Real Madrid|2016/17
La Liga,3,Sevilla,19,14,4,1,39,16,23,46,Home League Table,2016/17,La Liga|Sevilla|2016/17
La Liga,4,Atletico Madrid,19,14,2,3,40,14,26,44,Home League Table,2016/17,La Liga|Atletico Madrid|2016/17
La Liga,5,Athletic Bilbao,19,13,4,2,36,18,18,43,Home League Table,2016/17,La Liga|Athletic Bilbao|2016/17
La Liga,6,Villarreal,19,11,4,4,35,18,17,37,Home League Table,2016/17,La Liga|Villarreal|2016/17
La Liga,7,Real Sociedad,19,10,5,4,30,24,6,35,Home League Table,2016/17,La Liga|Real Sociedad|2016/17
La Liga,8,Las Palmas,19,9,6,4,33,25,8,33,Home League Table,2016/17,La Liga|Las Palmas|2016/17
La Liga,9,Eibar,19,10,3,6,29,21,8,33,Home League Table,2016/17,La Liga|Eibar|2016/17
La Liga,10,Malaga,19,10,2,7,32,25,7,32,Home League Table,2016/17,La Liga|Malaga|2016/17
La Liga,11,Espanyol,19,8,5,6,28,24,4,29,Home League Table,2016/17,La Liga|Espanyol|2016/17
La Liga,12,Celta Vigo,19,9,2,8,30,32,-2,29,Home League Table,2016/17,La Liga|Celta Vigo|2016/17
La Liga,13,CD Alaves,19,7,8,4,19,21,-2,29,Home League Table,2016/17,La Liga|CD Alaves|2016/17
La Liga,14,Valencia,19,8,4,7,32,32,0,28,Home League Table,2016/17,La Liga|Valencia|2016/17
La Liga,15,Deportivo La Coruna,19,7,5,7,27,23,4,26,Home League Table,2016/17,La Liga|Deportivo La Coruna|2016/17
La Liga,16,Real Betis,19,6,7,6,22,24,-2,25,Home League Table,2016/17,La Liga|Real Betis|2016/17
La Liga,17,CD Leganes,19,5,6,8,22,23,-1,21,Home League Table,2016/17,La Liga|CD Leganes|2016/17
La Liga,18,Sporting Gijon,19,5,4,10,26,38,-12,19,Home League Table,2016/17,La Liga|Sporting Gijon|2016/17
La Liga,19,Granada CF,19,4,4,11,17,32,-15,16,Home League Table,2016/17,La Liga|Granada CF|2016/17
La Liga,20,Osasuna,19,2,7,10,23,39,-16,13,Home League Table,2016/17,La Liga|Osasuna|2016/17
La Liga,1,Real Madrid,19,15,2,2,58,21,37,47,Away League Table,2016/17,La Liga|Real Madrid|2016/17
La Liga,2,Barcelona,19,13,3,3,52,20,32,42,Away League Table,2016/17,La Liga|Barcelona|2016/17
La Liga,3,Atletico Madrid,19,9,7,3,30,13,17,34,Away League Table,2016/17,La Liga|Atletico Madrid|2016/17
La Liga,4,Villarreal,19,8,6,5,21,15,6,30,Away League Table,2016/17,La Liga|Villarreal|2016/17
La Liga,5,Real Sociedad,19,9,2,8,29,29,0,29,Away League Table,2016/17,La Liga|Real Sociedad|2016/17
La Liga,6,Espanyol,19,7,6,6,21,26,-5,27,Away League Table,2016/17,La Liga|Espanyol|2016/17
La Liga,7,CD Alaves,19,7,5,7,22,22,0,26,Away League Table,2016/17,La Liga|CD Alaves|2016/17
La Liga,8,Sevilla,19,7,5,7,30,33,-3,26,Away League Table,2016/17,La Liga|Sevilla|2016/17
La Liga,9,Eibar,19,5,6,8,27,30,-3,21,Away League Table,2016/17,La Liga|Eibar|2016/17
La Liga,10,Athletic Bilbao,19,6,2,11,17,25,-8,20,Away League Table,2016/17,La Liga|Athletic Bilbao|2016/17
La Liga,11,Valencia,19,5,3,11,24,33,-9,18,Away League Table,2016/17,La Liga|Valencia|2016/17
La Liga,12,Celta Vigo,19,4,4,11,23,37,-14,16,Away League Table,2016/17,La Liga|Celta Vigo|2016/17
La Liga,13,Malaga,19,2,8,9,17,30,-13,14,Away League Table,2016/17,La Liga|Malaga|2016/17
La Liga,14,CD Leganes,19,3,5,11,14,32,-18,14,Away League Table,2016/17,La Liga|CD Leganes|2016/17
La Liga,15,Real Betis,19,4,2,13,19,40,-21,14,Away League Table,2016/17,La Liga|Real Betis|2016/17
La Liga,16,Sporting Gijon,19,2,6,11,16,34,-18,12,Away League Table,2016/17,La Liga|Sporting Gijon|2016/17
La Liga,17,Deportivo La Coruna,19,1,7,11,16,38,-22,10,Away League Table,2016/17,La Liga|Deportivo La Coruna|2016/17
La Liga,18,Osasuna,19,2,3,14,17,55,-38,9,Away League Table,2016/17,La Liga|Osasuna|2016/17
La Liga,19,Las Palmas,19,1,3,15,20,49,-29,6,Away League Table,2016/17,La Liga|Las Palmas|2016/17
La Liga,20,Granada CF,19,-,4,15,13,50,-37,4,Away League Table,2016/17,La Liga|Granada CF|2016/17
French Ligue 1,1,AS Monaco,38,30,5,3,107,31,76,95,League Table,2016/17,French Ligue 1|AS Monaco|2016/17
French Ligue 1,2,Paris Saint-Germain,38,27,6,5,83,27,56,87,League Table,2016/17,French Ligue 1|Paris Saint-Germain|2016/17
French Ligue 1,3,OGC Nice,38,22,12,4,63,36,27,78,League Table,2016/17,French Ligue 1|OGC Nice|2016/17
French Ligue 1,4,Olympique Lyonnais,38,21,4,13,80,48,32,67,League Table,2016/17,French Ligue 1|Olympique Lyonnais|2016/17
French Ligue 1,5,Olympique Marseille,38,17,11,10,57,41,16,62,League Table,2016/17,French Ligue 1|Olympique Marseille|2016/17
French Ligue 1,6,Girondins De Bordeaux,38,15,14,9,53,43,10,59,League Table,2016/17,French Ligue 1|Girondins De Bordeaux|2016/17
French Ligue 1,7,FC Nantes,38,14,9,15,40,54,-14,51,League Table,2016/17,French Ligue 1|FC Nantes|2016/17
French Ligue 1,8,AS Saint-Etienne,38,12,14,12,41,42,-1,50,League Table,2016/17,French Ligue 1|AS Saint-Etienne|2016/17
French Ligue 1,9,Stade Rennes,38,12,14,12,36,42,-6,50,League Table,2016/17,French Ligue 1|Stade Rennes|2016/17
French Ligue 1,10,En Avant Guingamp,38,14,8,16,46,53,-7,50,League Table,2016/17,French Ligue 1|En Avant Guingamp|2016/17
French Ligue 1,11,Lille OSC,38,13,7,18,40,47,-7,46,League Table,2016/17,French Ligue 1|Lille OSC|2016/17
French Ligue 1,12,Angers SCO,38,13,7,18,40,49,-9,46,League Table,2016/17,French Ligue 1|Angers SCO|2016/17
French Ligue 1,13,Toulouse,38,10,14,14,37,41,-4,44,League Table,2016/17,French Ligue 1|Toulouse|2016/17
French Ligue 1,14,FC Metz,38,11,10,17,39,72,-33,43,League Table,2016/17,French Ligue 1|FC Metz|2016/17
French Ligue 1,15,Montpellier HSC,38,10,9,19,48,66,-18,39,League Table,2016/17,French Ligue 1|Montpellier HSC|2016/17
French Ligue 1,16,Dijon FCO,38,8,13,17,46,58,-12,37,League Table,2016/17,French Ligue 1|Dijon FCO|2016/17
French Ligue 1,17,Caen,38,10,7,21,36,65,-29,37,League Table,2016/17,French Ligue 1|Caen|2016/17
French Ligue 1,18,Lorient,38,10,6,22,44,70,-26,36,League Table,2016/17,French Ligue 1|Lorient|2016/17
French Ligue 1,19,AS Nancy,38,9,8,21,29,52,-23,35,League Table,2016/17,French Ligue 1|AS Nancy|2016/17
French Ligue 1,20,SC Bastia,38,8,10,20,29,57,-28,34,League Table,2016/17,French Ligue 1|SC Bastia|2016/17
French Ligue 1,1,AS Monaco,19,17,1,1,63,13,50,52,Home League Table,2016/17,French Ligue 1|AS Monaco|2016/17
French Ligue 1,2,OGC Nice,19,14,4,1,39,16,23,46,Home League Table,2016/17,French Ligue 1|OGC Nice|2016/17
French Ligue 1,3,Paris Saint-Germain,19,13,6,-,42,7,35,45,Home League Table,2016/17,French Ligue 1|Paris Saint-Germain|2016/17
French Ligue 1,4,Olympique Marseille,19,13,4,2,33,13,20,43,Home League Table,2016/17,French Ligue 1|Olympique Marseille|2016/17
French Ligue 1,5,En Avant Guingamp,19,12,3,4,28,13,15,39,Home League Table,2016/17,French Ligue 1|En Avant Guingamp|2016/17
French Ligue 1,6,Olympique Lyonnais,19,12,1,6,46,26,20,37,Home League Table,2016/17,French Ligue 1|Olympique Lyonnais|2016/17
French Ligue 1,7,Stade Rennes,19,10,6,3,26,15,11,36,Home League Table,2016/17,French Ligue 1|Stade Rennes|2016/17
French Ligue 1,8,Girondins De Bordeaux,19,9,6,4,27,19,8,33,Home League Table,2016/17,French Ligue 1|Girondins De Bordeaux|2016/17
French Ligue 1,9,Toulouse,19,8,6,5,28,18,10,30,Home League Table,2016/17,French Ligue 1|Toulouse|2016/17
French Ligue 1,10,AS Saint-Etienne,19,7,9,3,24,18,6,30,Home League Table,2016/17,French Ligue 1|AS Saint-Etienne|2016/17
French Ligue 1,11,Montpellier HSC,19,8,5,6,28,22,6,29,Home League Table,2016/17,French Ligue 1|Montpellier HSC|2016/17
French Ligue 1,12,Angers SCO,19,8,5,6,23,17,6,29,Home League Table,2016/17,French Ligue 1|Angers SCO|2016/17
French Ligue 1,13,FC Nantes,19,8,4,7,19,24,-5,28,Home League Table,2016/17,French Ligue 1|FC Nantes|2016/17
French Ligue 1,14,FC Metz,19,7,7,5,27,34,-7,28,Home League Table,2016/17,French Ligue 1|FC Metz|2016/17
French Ligue 1,15,Dijon FCO,19,7,6,6,27,21,6,27,Home League Table,2016/17,French Ligue 1|Dijon FCO|2016/17
French Ligue 1,16,Lorient,19,7,4,8,25,29,-4,25,Home League Table,2016/17,French Ligue 1|Lorient|2016/17
French Ligue 1,17,Lille OSC,19,7,3,9,24,24,0,24,Home League Table,2016/17,French Ligue 1|Lille OSC|2016/17
French Ligue 1,18,SC Bastia,19,5,9,5,17,17,0,24,Home League Table,2016/17,French Ligue 1|SC Bastia|2016/17
French Ligue 1,19,AS Nancy,19,7,3,9,21,23,-2,24,Home League Table,2016/17,French Ligue 1|AS Nancy|2016/17
French Ligue 1,20,Caen,19,7,2,10,21,37,-16,23,Home League Table,2016/17,French Ligue 1|Caen|2016/17
French Ligue 1,1,AS Monaco,19,13,4,2,44,18,26,43,Away League Table,2016/17,French Ligue 1|AS Monaco|2016/17
French Ligue 1,2,Paris Saint-Germain,19,14,-,5,41,20,21,42,Away League Table,2016/17,French Ligue 1|Paris Saint-Germain|2016/17
French Ligue 1,3,OGC Nice,19,8,8,3,24,20,4,32,Away League Table,2016/17,French Ligue 1|OGC Nice|2016/17
French Ligue 1,4,Olympique Lyonnais,19,9,3,7,34,22,12,30,Away League Table,2016/17,French Ligue 1|Olympique Lyonnais|2016/17
French Ligue 1,5,Girondins De Bordeaux,19,6,8,5,26,24,2,26,Away League Table,2016/17,French Ligue 1|Girondins De Bordeaux|2016/17
French Ligue 1,6,FC Nantes,19,6,5,8,21,30,-9,23,Away League Table,2016/17,French Ligue 1|FC Nantes|2016/17
French Ligue 1,7,Lille OSC,19,6,4,9,16,23,-7,22,Away League Table,2016/17,French Ligue 1|Lille OSC|2016/17
French Ligue 1,8,AS Saint-Etienne,19,5,5,9,17,24,-7,20,Away League Table,2016/17,French Ligue 1|AS Saint-Etienne|2016/17
French Ligue 1,9,Olympique Marseille,19,4,7,8,24,28,-4,19,Away League Table,2016/17,French Ligue 1|Olympique Marseille|2016/17
French Ligue 1,10,Angers SCO,19,5,2,12,17,32,-15,17,Away League Table,2016/17,French Ligue 1|Angers SCO|2016/17
French Ligue 1,11,FC Metz,19,4,3,12,12,38,-26,15,Away League Table,2016/17,French Ligue 1|FC Metz|2016/17
French Ligue 1,12,Caen,19,3,5,11,15,28,-13,14,Away League Table,2016/17,French Ligue 1|Caen|2016/17
French Ligue 1,13,Toulouse,19,2,8,9,9,23,-14,14,Away League Table,2016/17,French Ligue 1|Toulouse|2016/17
French Ligue 1,14,Stade Rennes,19,2,8,9,10,27,-17,14,Away League Table,2016/17,French Ligue 1|Stade Rennes|2016/17
French Ligue 1,15,AS Nancy,19,2,5,12,8,29,-21,11,Away League Table,2016/17,French Ligue 1|AS Nancy|2016/17
French Ligue 1,16,Lorient,19,3,2,14,19,41,-22,11,Away League Table,2016/17,French Ligue 1|Lorient|2016/17
French Ligue 1,17,En Avant Guingamp,19,2,5,12,18,40,-22,11,Away League Table,2016/17,French Ligue 1|En Avant Guingamp|2016/17
French Ligue 1,18,Dijon FCO,19,1,7,11,19,37,-18,10,Away League Table,2016/17,French Ligue 1|Dijon FCO|2016/17
French Ligue 1,19,Montpellier HSC,19,2,4,13,20,44,-24,10,Away League Table,2016/17,French Ligue 1|Montpellier HSC|2016/17
French Ligue 1,20,SC Bastia,19,3,1,15,12,40,-28,10,Away League Table,2016/17,French Ligue 1|SC Bastia|2016/17
Eredivisie,1,Feyenoord,34,26,4,4,86,25,61,82,League Table,2016/17,Eredivisie|Feyenoord|2016/17
Eredivisie,2,AFC Ajax,34,25,6,3,79,23,56,81,League Table,2016/17,Eredivisie|AFC Ajax|2016/17
Eredivisie,3,PSV Eindhoven,34,22,10,2,68,23,45,76,League Table,2016/17,Eredivisie|PSV Eindhoven|2016/17
Eredivisie,4,FC Utrecht,34,18,8,8,54,38,16,62,League Table,2016/17,Eredivisie|FC Utrecht|2016/17
Eredivisie,5,Vitesse Arnhem,34,15,6,13,51,40,11,51,League Table,2016/17,Eredivisie|Vitesse Arnhem|2016/17
Eredivisie,6,AZ Alkmaar,34,12,13,9,56,52,4,49,League Table,2016/17,Eredivisie|AZ Alkmaar|2016/17
Eredivisie,7,FC Twente,34,12,9,13,48,50,-2,45,League Table,2016/17,Eredivisie|FC Twente|2016/17
Eredivisie,8,FC Groningen,34,10,13,11,55,51,4,43,League Table,2016/17,Eredivisie|FC Groningen|2016/17
Eredivisie,9,SC Heerenveen,34,12,7,15,54,53,1,43,League Table,2016/17,Eredivisie|SC Heerenveen|2016/17
Eredivisie,10,Heracles Almelo,34,12,7,15,53,55,-2,43,League Table,2016/17,Eredivisie|Heracles Almelo|2016/17
Eredivisie,11,ADO Den Haag,34,11,5,18,37,59,-22,38,League Table,2016/17,Eredivisie|ADO Den Haag|2016/17
Eredivisie,12,SBV Excelsior,34,9,10,15,43,60,-17,37,League Table,2016/17,Eredivisie|SBV Excelsior|2016/17
Eredivisie,13,Willem II Tilburg,34,9,9,16,29,44,-15,36,League Table,2016/17,Eredivisie|Willem II Tilburg|2016/17
Eredivisie,14,PEC Zwolle,34,9,8,17,39,67,-28,35,League Table,2016/17,Eredivisie|PEC Zwolle|2016/17
Eredivisie,15,Sparta Rotterdam,34,9,7,18,42,61,-19,34,League Table,2016/17,Eredivisie|Sparta Rotterdam|2016/17
Eredivisie,16,NEC Nijmegen,34,9,7,18,32,59,-27,34,League Table,2016/17,Eredivisie|NEC Nijmegen|2016/17
Eredivisie,17,Roda JC Kerkrade,34,7,12,15,26,51,-25,33,League Table,2016/17,Eredivisie|Roda JC Kerkrade|2016/17
Eredivisie,18,Go Ahead Eagles,34,6,5,23,32,73,-41,23,League Table,2016/17,Eredivisie|Go Ahead Eagles|2016/17
Eredivisie,1,Feyenoord,17,15,2,-,56,11,45,47,Home League Table,2016/17,Eredivisie|Feyenoord|2016/17
Eredivisie,2,AFC Ajax,17,14,2,1,48,12,36,44,Home League Table,2016/17,Eredivisie|AFC Ajax|2016/17
Eredivisie,3,PSV Eindhoven,17,13,3,1,35,9,26,42,Home League Table,2016/17,Eredivisie|PSV Eindhoven|2016/17
Eredivisie,4,FC Utrecht,17,10,3,4,28,17,11,33,Home League Table,2016/17,Eredivisie|FC Utrecht|2016/17
Eredivisie,5,Vitesse Arnhem,17,9,2,6,31,21,10,29,Home League Table,2016/17,Eredivisie|Vitesse Arnhem|2016/17
Eredivisie,6,SC Heerenveen,17,8,5,4,26,16,10,29,Home League Table,2016/17,Eredivisie|SC Heerenveen|2016/17
Eredivisie,7,FC Twente,17,8,4,5,28,22,6,28,Home League Table,2016/17,Eredivisie|FC Twente|2016/17
Eredivisie,8,Heracles Almelo,17,8,3,6,32,21,11,27,Home League Table,2016/17,Eredivisie|Heracles Almelo|2016/17
Eredivisie,9,AZ Alkmaar,17,5,9,3,31,25,6,24,Home League Table,2016/17,Eredivisie|AZ Alkmaar|2016/17
Eredivisie,10,ADO Den Haag,17,7,3,7,22,21,1,24,Home League Table,2016/17,Eredivisie|ADO Den Haag|2016/17
Eredivisie,11,SBV Excelsior,17,6,5,6,27,25,2,23,Home League Table,2016/17,Eredivisie|SBV Excelsior|2016/17
Eredivisie,12,FC Groningen,17,5,8,4,25,24,1,23,Home League Table,2016/17,Eredivisie|FC Groningen|2016/17
Eredivisie,13,Roda JC Kerkrade,17,6,5,6,17,18,-1,23,Home League Table,2016/17,Eredivisie|Roda JC Kerkrade|2016/17
Eredivisie,14,Sparta Rotterdam,17,6,4,7,24,24,0,22,Home League Table,2016/17,Eredivisie|Sparta Rotterdam|2016/17
Eredivisie,15,NEC Nijmegen,17,6,4,7,21,26,-5,22,Home League Table,2016/17,Eredivisie|NEC Nijmegen|2016/17
Eredivisie,16,Willem II Tilburg,17,5,5,7,17,22,-5,20,Home League Table,2016/17,Eredivisie|Willem II Tilburg|2016/17
Eredivisie,17,PEC Zwolle,17,5,5,7,19,28,-9,20,Home League Table,2016/17,Eredivisie|PEC Zwolle|2016/17
Eredivisie,18,Go Ahead Eagles,17,4,1,12,20,35,-15,13,Home League Table,2016/17,Eredivisie|Go Ahead Eagles|2016/17
Eredivisie,1,AFC Ajax,17,11,4,2,31,11,20,37,Away League Table,2016/17,Eredivisie|AFC Ajax|2016/17
Eredivisie,2,Feyenoord,17,11,2,4,30,14,16,35,Away League Table,2016/17,Eredivisie|Feyenoord|2016/17
Eredivisie,3,PSV Eindhoven,17,9,7,1,33,14,19,34,Away League Table,2016/17,Eredivisie|PSV Eindhoven|2016/17
Eredivisie,4,FC Utrecht,17,8,5,4,26,21,5,29,Away League Table,2016/17,Eredivisie|FC Utrecht|2016/17
Eredivisie,5,AZ Alkmaar,17,7,4,6,25,27,-2,25,Away League Table,2016/17,Eredivisie|AZ Alkmaar|2016/17
Eredivisie,6,Vitesse Arnhem,17,6,4,7,20,19,1,22,Away League Table,2016/17,Eredivisie|Vitesse Arnhem|2016/17
Eredivisie,7,FC Groningen,17,5,5,7,30,27,3,20,Away League Table,2016/17,Eredivisie|FC Groningen|2016/17
Eredivisie,8,FC Twente,17,4,5,8,20,28,-8,17,Away League Table,2016/17,Eredivisie|FC Twente|2016/17
Eredivisie,9,Willem II Tilburg,17,4,4,9,12,22,-10,16,Away League Table,2016/17,Eredivisie|Willem II Tilburg|2016/17
Eredivisie,10,Heracles Almelo,17,4,4,9,21,34,-13,16,Away League Table,2016/17,Eredivisie|Heracles Almelo|2016/17
Eredivisie,11,PEC Zwolle,17,4,3,10,20,39,-19,15,Away League Table,2016/17,Eredivisie|PEC Zwolle|2016/17
Eredivisie,12,SC Heerenveen,17,4,2,11,28,37,-9,14,Away League Table,2016/17,Eredivisie|SC Heerenveen|2016/17
Eredivisie,13,SBV Excelsior,17,3,5,9,16,35,-19,14,Away League Table,2016/17,Eredivisie|SBV Excelsior|2016/17
Eredivisie,14,ADO Den Haag,17,4,2,11,15,38,-23,14,Away League Table,2016/17,Eredivisie|ADO Den Haag|2016/17
Eredivisie,15,Sparta Rotterdam,17,3,3,11,18,37,-19,12,Away League Table,2016/17,Eredivisie|Sparta Rotterdam|2016/17
Eredivisie,16,NEC Nijmegen,17,3,3,11,11,33,-22,12,Away League Table,2016/17,Eredivisie|NEC Nijmegen|2016/17
Eredivisie,17,Roda JC Kerkrade,17,1,7,9,9,33,-24,10,Away League Table,2016/17,Eredivisie|Roda JC Kerkrade|2016/17
Eredivisie,18,Go Ahead Eagles,17,2,4,11,12,38,-26,10,Away League Table,2016/17,Eredivisie|Go Ahead Eagles|2016/17
Serie A,1,Juventus,38,29,4,5,77,27,50,91,League Table,2016/17,Serie A|Juventus|2016/17
Serie A,2,AS Roma,38,28,3,7,90,38,52,87,League Table,2016/17,Serie A|AS Roma|2016/17
Serie A,3,Napoli,38,26,8,4,94,39,55,86,League Table,2016/17,Serie A|Napoli|2016/17
Serie A,4,Atalanta,38,21,9,8,62,41,21,72,League Table,2016/17,Serie A|Atalanta|2016/17
Serie A,5,SS Lazio,38,21,7,10,74,51,23,70,League Table,2016/17,Serie A|SS Lazio|2016/17
Serie A,6,AC Milan,38,18,9,11,57,45,12,63,League Table,2016/17,Serie A|AC Milan|2016/17
Serie A,7,Internazionale,38,19,5,14,72,49,23,62,League Table,2016/17,Serie A|Internazionale|2016/17
Serie A,8,Fiorentina,38,16,12,10,63,57,6,60,League Table,2016/17,Serie A|Fiorentina|2016/17
Serie A,9,Torino,38,13,14,11,71,66,5,53,League Table,2016/17,Serie A|Torino|2016/17
Serie A,10,Sampdoria,38,12,12,14,49,55,-6,48,League Table,2016/17,Serie A|Sampdoria|2016/17
Serie A,11,Cagliari,38,14,5,19,55,76,-21,47,League Table,2016/17,Serie A|Cagliari|2016/17
Serie A,12,Sassuolo,38,13,7,18,58,63,-5,46,League Table,2016/17,Serie A|Sassuolo|2016/17
Serie A,13,Udinese,38,12,9,17,47,56,-9,45,League Table,2016/17,Serie A|Udinese|2016/17
Serie A,14,Chievo,38,12,7,19,43,61,-18,43,League Table,2016/17,Serie A|Chievo|2016/17
Serie A,15,Bologna,38,11,8,19,40,58,-18,41,League Table,2016/17,Serie A|Bologna|2016/17
Serie A,16,Genoa,38,9,9,20,38,64,-26,36,League Table,2016/17,Serie A|Genoa|2016/17
Serie A,17,FC Crotone,38,9,7,22,34,58,-24,34,League Table,2016/17,Serie A|FC Crotone|2016/17
Serie A,18,Empoli,38,8,8,22,29,61,-32,32,League Table,2016/17,Serie A|Empoli|2016/17
Serie A,19,Palermo,38,6,8,24,33,77,-44,26,League Table,2016/17,Serie A|Palermo|2016/17
Serie A,20,Pescara,38,3,9,26,37,81,-44,18,League Table,2016/17,Serie A|Pescara|2016/17
Serie A,1,Juventus,19,18,1,-,48,9,39,55,Home League Table,2016/17,Serie A|Juventus|2016/17
Serie A,2,AS Roma,19,16,1,2,50,18,32,49,Home League Table,2016/17,Serie A|AS Roma|2016/17
Serie A,3,Napoli,19,13,4,2,44,19,25,43,Home League Table,2016/17,Serie A|Napoli|2016/17
Serie A,4,Atalanta,19,12,4,3,31,18,13,40,Home League Table,2016/17,Serie A|Atalanta|2016/17
Serie A,5,SS Lazio,19,12,2,5,40,23,17,38,Home League Table,2016/17,Serie A|SS Lazio|2016/17
Serie A,6,AC Milan,19,12,2,5,32,20,12,38,Home League Table,2016/17,Serie A|AC Milan|2016/17
Serie A,7,Fiorentina,19,10,8,1,34,23,11,38,Home League Table,2016/17,Serie A|Fiorentina|2016/17
Serie A,8,Internazionale,19,11,3,5,44,22,22,36,Home League Table,2016/17,Serie A|Internazionale|2016/17
Serie A,9,Cagliari,19,11,3,5,38,34,4,36,Home League Table,2016/17,Serie A|Cagliari|2016/17
Serie A,10,Torino,19,9,8,2,43,31,12,35,Home League Table,2016/17,Serie A|Torino|2016/17
Serie A,11,Sampdoria,19,8,6,5,28,23,5,30,Home League Table,2016/17,Serie A|Sampdoria|2016/17
Serie A,12,Udinese,19,8,5,6,30,23,7,29,Home League Table,2016/17,Serie A|Udinese|2016/17
Serie A,13,Bologna,19,8,2,9,24,25,-1,26,Home League Table,2016/17,Serie A|Bologna|2016/17
Serie A,14,Genoa,19,6,7,6,24,24,0,25,Home League Table,2016/17,Serie A|Genoa|2016/17
Serie A,15,Sassuolo,19,7,3,9,27,28,-1,24,Home League Table,2016/17,Serie A|Sassuolo|2016/17
Serie A,16,Chievo,19,6,5,8,25,30,-5,23,Home League Table,2016/17,Serie A|Chievo|2016/17
Serie A,17,FC Crotone,19,6,4,9,21,25,-4,22,Home League Table,2016/17,Serie A|FC Crotone|2016/17
Serie A,18,Empoli,19,5,4,10,16,29,-13,19,Home League Table,2016/17,Serie A|Empoli|2016/17
Serie A,19,Palermo,19,4,3,12,13,30,-17,15,Home League Table,2016/17,Serie A|Palermo|2016/17
Serie A,20,Pescara,19,2,5,12,19,38,-19,11,Home League Table,2016/17,Serie A|Pescara|2016/17
Serie A,1,Napoli,19,13,4,2,50,20,30,43,Away League Table,2016/17,Serie A|Napoli|2016/17
Serie A,2,AS Roma,19,12,2,5,40,20,20,38,Away League Table,2016/17,Serie A|AS Roma|2016/17
Serie A,3,Juventus,19,11,3,5,29,18,11,36,Away League Table,2016/17,Serie A|Juventus|2016/17
Serie A,4,Atalanta,19,9,5,5,31,23,8,32,Away League Table,2016/17,Serie A|Atalanta|2016/17
Serie A,5,SS Lazio,19,9,5,5,34,28,6,32,Away League Table,2016/17,Serie A|SS Lazio|2016/17
Serie A,6,Internazionale,19,8,2,9,28,27,1,26,Away League Table,2016/17,Serie A|Internazionale|2016/17
Serie A,7,AC Milan,19,6,7,6,25,25,0,25,Away League Table,2016/17,Serie A|AC Milan|2016/17
Serie A,8,Sassuolo,19,6,4,9,31,35,-4,22,Away League Table,2016/17,Serie A|Sassuolo|2016/17
Serie A,9,Fiorentina,19,6,4,9,29,34,-5,22,Away League Table,2016/17,Serie A|Fiorentina|2016/17
Serie A,10,Chievo,19,6,2,11,18,31,-13,20,Away League Table,2016/17,Serie A|Chievo|2016/17
Serie A,11,Torino,19,4,6,9,28,35,-7,18,Away League Table,2016/17,Serie A|Torino|2016/17
Serie A,12,Sampdoria,19,4,6,9,21,32,-11,18,Away League Table,2016/17,Serie A|Sampdoria|2016/17
Serie A,13,Udinese,19,4,4,11,17,33,-16,16,Away League Table,2016/17,Serie A|Udinese|2016/17
Serie A,14,Bologna,19,3,6,10,16,33,-17,15,Away League Table,2016/17,Serie A|Bologna|2016/17
Serie A,15,Empoli,19,3,4,12,13,32,-19,13,Away League Table,2016/17,Serie A|Empoli|2016/17
Serie A,16,FC Crotone,19,3,3,13,13,33,-20,12,Away League Table,2016/17,Serie A|FC Crotone|2016/17
Serie A,17,Cagliari,19,3,2,14,17,42,-25,11,Away League Table,2016/17,Serie A|Cagliari|2016/17
Serie A,18,Genoa,19,3,2,14,14,40,-26,11,Away League Table,2016/17,Serie A|Genoa|2016/17
Serie A,19,Palermo,19,2,5,12,20,47,-27,11,Away League Table,2016/17,Serie A|Palermo|2016/17
Serie A,20,Pescara,19,1,4,14,18,43,-25,7,Away League Table,2016/17,Serie A|Pescara|2016/17
Scottish Premiership,1,Celtic,38,34,4,-,106,25,81,106,League Table,2016/17,Scottish Premiership|Celtic|2016/17
Scottish Premiership,2,Aberdeen,38,24,4,10,74,35,39,76,League Table,2016/17,Scottish Premiership|Aberdeen|2016/17
Scottish Premiership,3,Rangers,38,19,10,9,56,44,12,67,League Table,2016/17,Scottish Premiership|Rangers|2016/17
Scottish Premiership,4,St Johnstone,38,17,7,14,50,46,4,58,League Table,2016/17,Scottish Premiership|St Johnstone|2016/17
Scottish Premiership,5,Heart of Midlothian,38,12,10,16,55,52,3,46,League Table,2016/17,Scottish Premiership|Heart of Midlothian|2016/17
Scottish Premiership,6,Ross County,38,11,13,14,48,58,-10,46,League Table,2016/17,Scottish Premiership|Ross County|2016/17
Scottish Premiership,7,Partick Thistle,38,10,12,16,38,54,-16,42,League Table,2016/17,Scottish Premiership|Partick Thistle|2016/17
Scottish Premiership,8,Kilmarnock,38,9,14,15,36,56,-20,41,League Table,2016/17,Scottish Premiership|Kilmarnock|2016/17
Scottish Premiership,9,Motherwell,38,10,8,20,46,69,-23,38,League Table,2016/17,Scottish Premiership|Motherwell|2016/17
Scottish Premiership,10,Dundee,38,10,7,21,38,62,-24,37,League Table,2016/17,Scottish Premiership|Dundee|2016/17
Scottish Premiership,11,Hamilton Academical,38,7,14,17,37,56,-19,35,League Table,2016/17,Scottish Premiership|Hamilton Academical|2016/17
Scottish Premiership,12,Inverness Cali,38,7,13,18,44,71,-27,34,League Table,2016/17,Scottish Premiership|Inverness Cali|2016/17
Scottish Premiership,1,Celtic,19,17,2,-,47,8,39,53,Home League Table,2016/17,Scottish Premiership|Celtic|2016/17
Scottish Premiership,2,Aberdeen,19,12,3,4,34,16,18,39,Home League Table,2016/17,Scottish Premiership|Aberdeen|2016/17
Scottish Premiership,3,Rangers,19,11,5,3,31,18,13,38,Home League Table,2016/17,Scottish Premiership|Rangers|2016/17
Scottish Premiership,4,Heart of Midlothian,19,9,5,5,36,20,16,32,Home League Table,2016/17,Scottish Premiership|Heart of Midlothian|2016/17
Scottish Premiership,5,St Johnstone,19,8,3,8,25,25,0,27,Home League Table,2016/17,Scottish Premiership|St Johnstone|2016/17
Scottish Premiership,6,Hamilton Academical,19,6,7,6,22,20,2,25,Home League Table,2016/17,Scottish Premiership|Hamilton Academical|2016/17
Scottish Premiership,7,Ross County,18,6,5,7,28,31,-3,23,Home League Table,2016/17,Scottish Premiership|Ross County|2016/17
Scottish Premiership,8,Inverness Cali,19,5,8,6,27,33,-6,23,Home League Table,2016/17,Scottish Premiership|Inverness Cali|2016/17
Scottish Premiership,9,Partick Thistle,20,6,5,9,21,32,-11,23,Home League Table,2016/17,Scottish Premiership|Partick Thistle|2016/17
Scottish Premiership,10,Dundee,19,5,5,9,19,30,-11,20,Home League Table,2016/17,Scottish Premiership|Dundee|2016/17
Scottish Premiership,11,Kilmarnock,19,4,7,8,18,23,-5,19,Home League Table,2016/17,Scottish Premiership|Kilmarnock|2016/17
Scottish Premiership,12,Motherwell,19,5,3,11,27,37,-10,18,Home League Table,2016/17,Scottish Premiership|Motherwell|2016/17
Scottish Premiership,1,Celtic,19,17,2,-,59,17,42,53,Away League Table,2016/17,Scottish Premiership|Celtic|2016/17
Scottish Premiership,2,Aberdeen,19,12,1,6,40,19,21,37,Away League Table,2016/17,Scottish Premiership|Aberdeen|2016/17
Scottish Premiership,3,St Johnstone,19,9,4,6,25,21,4,31,Away League Table,2016/17,Scottish Premiership|St Johnstone|2016/17
Scottish Premiership,4,Rangers,19,8,5,6,25,26,-1,29,Away League Table,2016/17,Scottish Premiership|Rangers|2016/17
Scottish Premiership,5,Ross County,20,5,8,7,20,27,-7,23,Away League Table,2016/17,Scottish Premiership|Ross County|2016/17
Scottish Premiership,6,Kilmarnock,19,5,7,7,18,33,-15,22,Away League Table,2016/17,Scottish Premiership|Kilmarnock|2016/17
Scottish Premiership,7,Motherwell,19,5,5,9,19,32,-13,20,Away League Table,2016/17,Scottish Premiership|Motherwell|2016/17
Scottish Premiership,8,Partick Thistle,18,4,7,7,17,22,-5,19,Away League Table,2016/17,Scottish Premiership|Partick Thistle|2016/17
Scottish Premiership,9,Dundee,19,5,2,12,19,32,-13,17,Away League Table,2016/17,Scottish Premiership|Dundee|2016/17
Scottish Premiership,10,Heart of Midlothian,19,3,5,11,19,32,-13,14,Away League Table,2016/17,Scottish Premiership|Heart of Midlothian|2016/17
Scottish Premiership,11,Inverness Cali,19,2,5,12,17,38,-21,11,Away League Table,2016/17,Scottish Premiership|Inverness Cali|2016/17
Scottish Premiership,12,Hamilton Academical,19,1,7,11,15,36,-21,10,Away League Table,2016/17,Scottish Premiership|Hamilton Academical|2016/17
